MS_AUDI_A3_2021_FR_NL  ,AUDI,A3,2021,70000,NL,https://www.marktplaats.nl/l/auto-s/audi/f/a3+hybride-elektrisch-benzine/560+13838/#f:10882|offeredSince:Altijd|mileageTo:70000|constructionYearFrom:2021|constructionYearTo:2021|sortBy:PRICE|sortOrder:INCREASING,FR,"https://www.leboncoin.fr/recherche?category=2&regdate=2021-2021&mileage=min-70000&horse_power_din=200-max&u_car_brand=AUDI&u_car_model=AUDI_Classe%20S,AUDI_X-Trail,AUDI_508,AUDI_Clio,AUDI_Vitara,AUDI_A3&fuel=8,6&gearbox=2&owner_type=all&sort=price&order=asc",
MS_AUDI_A3_2022_FR_NL,AUDI,A3,2022,70000,NL,https://www.marktplaats.nl/l/auto-s/audi/f/a3+hybride-elektrisch-benzine/560+13838/#f:10882|offeredSince:Altijd|mileageTo:70000|constructionYearFrom:2022|constructionYearTo:2022|sortBy:PRICE|sortOrder:INCREASING,FR,"https://www.leboncoin.fr/recherche?category=2&regdate=2022-2022&mileage=min-70000&horse_power_din=200-max&u_car_brand=AUDI&u_car_model=AUDI_Classe%20S,AUDI_X-Trail,AUDI_508,AUDI_Clio,AUDI_Vitara,AUDI_A3&fuel=8,6&gearbox=2&owner_type=all&sort=price&order=asc",
MS_AUDI_A3_2023_FR_NL,AUDI,A3,2023,70000,NL,https://www.marktplaats.nl/l/auto-s/audi/f/a3+hybride-elektrisch-benzine/560+13838/#f:10882|offeredSince:Altijd|mileageTo:70000|constructionYearFrom:2023|constructionYearTo:2023|sortBy:PRICE|sortOrder:INCREASING,FR,"https://www.leboncoin.fr/recherche?category=2&regdate=2023-2023&mileage=min-70000&horse_power_din=200-max&u_car_brand=AUDI&u_car_model=AUDI_Classe%20S,AUDI_X-Trail,AUDI_508,AUDI_Clio,AUDI_Vitara,AUDI_A3&fuel=8,6&gearbox=2&owner_type=all&sort=price&order=asc",
MS_AUDI_A3_2024_FR_NL,AUDI,A3,2024,70000,NL,https://www.marktplaats.nl/l/auto-s/audi/f/a3+hybride-elektrisch-benzine/560+13838/#f:10882|offeredSince:Altijd|mileageTo:70000|constructionYearFrom:2024|constructionYearTo:2024|sortBy:PRICE|sortOrder:INCREASING,FR,"https://www.leboncoin.fr/recherche?category=2&regdate=2024-2024&mileage=min-70000&horse_power_din=200-max&u_car_brand=AUDI&u_car_model=AUDI_Classe%20S,AUDI_X-Trail,AUDI_508,AUDI_Clio,AUDI_Vitara,AUDI_A3&fuel=8,6&gearbox=2&owner_type=all&sort=price&order=asc",
MS_AUDI_A3_2025_FR_NL,AUDI,A3,2025,70000,NL,https://www.marktplaats.nl/l/auto-s/audi/f/a3+hybride-elektrisch-benzine/560+13838/#f:10882|offeredSince:Altijd|mileageTo:70000|constructionYearFrom:2025|constructionYearTo:2025|sortBy:PRICE|sortOrder:INCREASING,FR,"https://www.leboncoin.fr/recherche?category=2&regdate=2025-2025&mileage=min-70000&horse_power_din=200-max&u_car_brand=AUDI&u_car_model=AUDI_Classe%20S,AUDI_X-Trail,AUDI_508,AUDI_Clio,AUDI_Vitara,AUDI_A3&fuel=8,6&gearbox=2&owner_type=all&sort=price&order=asc",
MS_AUDI_Q3_2021_FR_NL,AUDI,Q3,2021,70000,NL,https://www.marktplaats.nl/l/auto-s/audi/f/q3+hybride-elektrisch-benzine/10664+13838/#f:10882|offeredSince:Altijd|mileageTo:70001|constructionYearFrom:2021|constructionYearTo:2021|sortBy:PRICE|sortOrder:INCREASING,FR,"https://www.leboncoin.fr/recherche?category=2&regdate=2021-2021&mileage=min-70000&horse_power_din=160-max&u_car_brand=AUDI&u_car_model=AUDI_Classe%20S,AUDI_X-Trail,AUDI_508,AUDI_Clio,AUDI_Vitara,AUDI_Q3&fuel=8,6&owner_type=all&sort=price&order=asc",
MS_AUDI_Q3_2022_FR_NL,AUDI,Q3,2022,70000,NL,https://www.marktplaats.nl/l/auto-s/audi/f/q3+hybride-elektrisch-benzine/10664+13838/#f:10882|offeredSince:Altijd|constructionYearFrom:2022|constructionYearTo:2022|mileageTo:70001|sortBy:PRICE|sortOrder:INCREASING,FR,"https://www.leboncoin.fr/recherche?category=2&regdate=2022-2022&mileage=min-70000&u_car_brand=AUDI&u_car_model=AUDI_Classe%20S,AUDI_X-Trail,AUDI_508,AUDI_Clio,AUDI_Vitara,AUDI_Q3&fuel=8&owner_type=all&sort=price&order=asc",
MS_AUDI_Q3_2023_FR_NL,AUDI,Q3,2023,70000,NL,https://www.marktplaats.nl/l/auto-s/audi/f/q3+hybride-elektrisch-benzine/10664+13838/#f:10882|offeredSince:Altijd|mileageTo:70001|constructionYearFrom:2023|constructionYearTo:2023|sortBy:PRICE|sortOrder:INCREASING,FR,"https://www.leboncoin.fr/recherche?category=2&regdate=2023-2023&mileage=min-70000&u_car_brand=AUDI&u_car_model=AUDI_Classe%20S,AUDI_X-Trail,AUDI_508,AUDI_Clio,AUDI_Vitara,AUDI_Q3&fuel=8&owner_type=all&sort=price&order=asc",
MS_AUDI_Q3_2024_FR_NL,AUDI,Q3,2024,70000,NL,https://www.marktplaats.nl/l/auto-s/audi/f/q3+hybride-elektrisch-benzine/10664+13838/#f:10882|offeredSince:Altijd|mileageTo:70001|constructionYearFrom:2024|constructionYearTo:2024|sortBy:PRICE|sortOrder:INCREASING,FR,"https://www.leboncoin.fr/recherche?category=2&regdate=2024-2024&mileage=min-70000&u_car_brand=AUDI&u_car_model=AUDI_Classe%20S,AUDI_X-Trail,AUDI_508,AUDI_Clio,AUDI_Vitara,AUDI_Q3&fuel=8&owner_type=all&sort=price&order=asc",
MS_AUDI_Q3_2025_FR_NL,AUDI,Q3,2025,70000,NL,https://www.marktplaats.nl/l/auto-s/audi/f/q3+hybride-elektrisch-benzine/10664+13838/#f:10882|offeredSince:Altijd|mileageTo:70001|constructionYearFrom:2025|constructionYearTo:2025|sortBy:PRICE|sortOrder:INCREASING,FR,"https://www.leboncoin.fr/recherche?category=2&regdate=2025-2025&mileage=min-70000&u_car_brand=AUDI&u_car_model=AUDI_Classe%20S,AUDI_X-Trail,AUDI_508,AUDI_Clio,AUDI_Vitara,AUDI_Q3&fuel=8&owner_type=all&sort=price&order=asc",
MS_AUDI_Q5_2021_FR_NL,AUDI,Q5,2021,70000,NL,https://www.marktplaats.nl/l/auto-s/audi/f/q5+hybride-elektrisch-benzine/581+13838/#f:10882|offeredSince:Altijd|mileageTo:70001|constructionYearFrom:2021|constructionYearTo:2021|sortBy:PRICE|sortOrder:INCREASING,FR,https://www.leboncoin.fr/recherche?category=2&regdate=2021-2021&mileage=min-70000&u_car_brand=AUDI&u_car_model=AUDI_Q5&fuel=8&gearbox=2&owner_type=all&sort=price&order=asc,
MS_AUDI_Q5_2022_FR_NL,AUDI,Q5,2022,70000,NL,https://www.marktplaats.nl/l/auto-s/audi/f/q5+hybride-elektrisch-benzine/581+13838/#f:10882|offeredSince:Altijd|mileageTo:70001|constructionYearFrom:2022|constructionYearTo:2022|sortBy:PRICE|sortOrder:INCREASING,FR,https://www.leboncoin.fr/recherche?category=2&regdate=2022-2022&mileage=min-70000&u_car_brand=AUDI&u_car_model=AUDI_Q5&fuel=8&gearbox=2&owner_type=all&sort=price&order=asc,
MS_AUDI_Q5_2023_FR_NL,AUDI,Q5,2023,70000,NL,https://www.marktplaats.nl/l/auto-s/audi/f/q5+hybride-elektrisch-benzine/581+13838/#f:10882|offeredSince:Altijd|mileageTo:70001|constructionYearFrom:2023|constructionYearTo:2023|sortBy:PRICE|sortOrder:INCREASING,FR,https://www.leboncoin.fr/recherche?category=2&regdate=2023-2023&mileage=min-70000&u_car_brand=AUDI&u_car_model=AUDI_Q5&fuel=8&gearbox=2&owner_type=all&sort=price&order=asc,
MS_AUDI_Q5_2024_FR_NL,AUDI,Q5,2024,70000,NL,https://www.marktplaats.nl/l/auto-s/audi/f/q5+hybride-elektrisch-benzine/581+13838/#f:10882|offeredSince:Altijd|mileageTo:70001|constructionYearFrom:2024|constructionYearTo:2024|sortBy:PRICE|sortOrder:INCREASING,FR,https://www.leboncoin.fr/recherche?category=2&regdate=2024-2024&mileage=min-70000&u_car_brand=AUDI&u_car_model=AUDI_Q5&fuel=8&gearbox=2&owner_type=all&sort=price&order=asc,
MS_AUDI_Q5_2025_FR_NL,AUDI,Q5,2025,70000,NL,https://www.marktplaats.nl/l/auto-s/audi/f/q5+hybride-elektrisch-benzine/581+13838/#f:10882|offeredSince:Altijd|mileageTo:70001|constructionYearFrom:2025|constructionYearTo:2025|sortBy:PRICE|sortOrder:INCREASING,FR,https://www.leboncoin.fr/recherche?category=2&regdate=2024-2025&mileage=min-70000&u_car_brand=AUDI&u_car_model=AUDI_Q5&fuel=8&gearbox=2&owner_type=all&sort=price&order=asc,
MS_AUDI_Q8_2021_FR_NL,AUDI,Q8,2021,70000,NL,https://www.marktplaats.nl/l/auto-s/audi/f/q8+hybride-elektrisch-benzine/11868+13838/#f:10882|offeredSince:Altijd|mileageTo:70001|constructionYearFrom:2021|constructionYearTo:2021|sortBy:PRICE|sortOrder:INCREASING,FR,https://www.leboncoin.fr/recherche?category=2&regdate=2021-2021&mileage=min-70000&u_car_brand=AUDI&u_car_model=AUDI_Q8&fuel=8&owner_type=all&sort=price&order=asc,
MS_AUDI_Q8_2022_FR_NL,AUDI,Q8,2022,70000,NL,https://www.marktplaats.nl/l/auto-s/audi/f/q8+hybride-elektrisch-benzine/11868+13838/#f:10882|offeredSince:Altijd|mileageTo:70001|constructionYearFrom:2022|constructionYearTo:2022|sortBy:PRICE|sortOrder:INCREASING,FR,https://www.leboncoin.fr/recherche?category=2&regdate=2022-2022&mileage=min-70000&u_car_brand=AUDI&u_car_model=AUDI_Q8&fuel=8&owner_type=all&sort=price&order=asc,
MS_AUDI_Q8_2023_FR_NL,AUDI,Q8,2023,70000,NL,https://www.marktplaats.nl/l/auto-s/audi/f/q8+hybride-elektrisch-benzine/11868+13838/#f:10882|offeredSince:Altijd|mileageTo:70001|constructionYearFrom:2023|constructionYearTo:2023|sortBy:PRICE|sortOrder:INCREASING,FR,https://www.leboncoin.fr/recherche?category=2&regdate=2023-2023&mileage=min-70000&u_car_brand=AUDI&u_car_model=AUDI_Q8&fuel=8&owner_type=all&sort=price&order=asc,
MS_AUDI_Q8_2024_FR_NL,AUDI,Q8,2024,70000,NL,https://www.marktplaats.nl/l/auto-s/audi/f/q8+hybride-elektrisch-benzine/11868+13838/#f:10882|offeredSince:Altijd|mileageTo:70001|constructionYearFrom:2024|constructionYearTo:2024|sortBy:PRICE|sortOrder:INCREASING,FR,https://www.leboncoin.fr/recherche?category=2&regdate=2024-2024&mileage=min-70000&u_car_brand=AUDI&u_car_model=AUDI_Q8&fuel=8&owner_type=all&sort=price&order=asc,
MS_AUDI_Q8_2025_FR_NL,AUDI,Q8,2025,70000,NL,https://www.marktplaats.nl/l/auto-s/audi/f/q8+hybride-elektrisch-benzine/11868+13838/#f:10882|offeredSince:Altijd|mileageTo:70001|constructionYearFrom:2025|constructionYearTo:2025|sortBy:PRICE|sortOrder:INCREASING,FR,https://www.leboncoin.fr/recherche?category=2&regdate=2025-2025&mileage=min-70000&u_car_brand=AUDI&u_car_model=AUDI_Q8&fuel=8&owner_type=all&sort=price&order=asc,
MS_AUDI_Q8E_2022_FR_DK,AUDI,Q8E,2022,70000,DK,https://www.bilbasen.dk/brugt/bil/audi/ms-q8-serie?fuel=3&includeengroscvr=true&includeleasing=false&make=audi&mileageto=70000&model-audi=e-tron&model-audi=q8_e-tron&model-audi=q8&regfrom=2022-01&regto=2022-12&sortby=price&sortorder=asc,FR,https://www.leboncoin.fr/recherche?category=2&regdate=2022-2022&mileage=min-70000&u_car_brand=AUDI&u_car_model=AUDI_Q8&fuel=4&owner_type=all&sort=price&order=asc,
MS_AUDI_Q8E_2023_FR_DK,AUDI,Q8E,2023,70000,DK,https://www.bilbasen.dk/brugt/bil/audi/ms-q8-serie?fuel=3&includeengroscvr=true&includeleasing=false&make=audi&mileageto=70000&model-audi=e-tron&model-audi=q8_e-tron&model-audi=q8&regfrom=2023-01&regto=2023-12&sortby=price&sortorder=asc,FR,https://www.leboncoin.fr/recherche?category=2&regdate=2023-2023&mileage=min-70000&u_car_brand=AUDI&u_car_model=AUDI_Q8&fuel=4&owner_type=all&sort=price&order=asc,
MS_AUDI_Q8E_2024_FR_DK,AUDI,Q8E,2024,70000,DK,https://www.bilbasen.dk/brugt/bil/audi/ms-q8-serie?fuel=3&includeengroscvr=true&includeleasing=false&make=audi&mileageto=70000&model-audi=e-tron&model-audi=q8_e-tron&model-audi=q8&regfrom=2024-01&regto=2024-12&sortby=price&sortorder=asc,FR,https://www.leboncoin.fr/recherche?category=2&regdate=2024-2024&mileage=min-70000&u_car_brand=AUDI&u_car_model=AUDI_Q8&fuel=4&owner_type=all&sort=price&order=asc,
MS_AUDI_Q8E_2025_FR_DK,AUDI,Q8E,2025,70000,DK,https://www.bilbasen.dk/brugt/bil/audi/ms-q8-serie?fuel=3&includeengroscvr=true&includeleasing=false&make=audi&mileageto=70000&model-audi=e-tron&model-audi=q8_e-tron&model-audi=q8&regfrom=2025-01&regto=2025-12&sortby=price&sortorder=asc,FR,https://www.leboncoin.fr/recherche?category=2&regdate=2025-2025&mileage=min-70000&u_car_brand=AUDI&u_car_model=AUDI_Q8&fuel=4&owner_type=all&sort=price&order=asc,
MS_BMW_iX1_2022_FR_DK,BMW,iX1,2022,70000,DK,https://www.bilbasen.dk/brugt/bil/bmw/ix1?includeengroscvr=true&includeleasing=false&mileageto=70000&regfrom=2022-01&regto=2022-12&sortby=price&sortorder=asc,FR,https://www.leboncoin.fr/recherche?category=2&regdate=2022-2022&mileage=min-70000&u_car_brand=BMW&u_car_model=BMW_iX1&sort=price&order=asc,
MS_BMW_iX1_2023_FR_DK,BMW,iX1,2023,70000,DK,https://www.bilbasen.dk/brugt/bil/bmw/ix1?includeengroscvr=true&includeleasing=false&mileageto=70000&regfrom=2023-01&regto=2023-12&sortby=price&sortorder=asc,FR,https://www.leboncoin.fr/recherche?category=2&regdate=2023-2023&mileage=min-70000&u_car_brand=BMW&u_car_model=BMW_iX1&sort=price&order=asc,
MS_BMW_iX1_2024_FR_DK,BMW,iX1,2024,70000,DK,https://www.bilbasen.dk/brugt/bil/bmw/ix1?includeengroscvr=true&includeleasing=false&mileageto=70000&regfrom=2024-01&regto=2024-12&sortby=price&sortorder=asc,FR,https://www.leboncoin.fr/recherche?category=2&regdate=2024-2024&mileage=min-70000&u_car_brand=BMW&u_car_model=BMW_iX1&sort=price&order=asc,
MS_BMW_iX1_2025_FR_DK,BMW,iX1,2025,70000,DK,https://www.bilbasen.dk/brugt/bil/bmw/ix1?includeengroscvr=true&includeleasing=false&mileageto=70000&regfrom=2025-01&regto=2025-12&sortby=price&sortorder=asc,FR,https://www.leboncoin.fr/recherche?category=2&regdate=2025-2025&mileage=min-70000&u_car_brand=BMW&u_car_model=BMW_iX1&sort=price&order=asc,
MS_BMW_iX3_2021_FR_DK,BMW,iX3,2021,70000,DK,https://www.bilbasen.dk/brugt/bil/bmw/ix3?includeengroscvr=true&includeleasing=false&mileageto=70000&regfrom=2021-01&regto=2021-12&sortby=price&sortorder=asc,FR,https://www.leboncoin.fr/recherche?category=2&regdate=2021-2021&mileage=min-70000&u_car_brand=BMW&u_car_model=BMW_iX3&sort=price&order=asc,
MS_BMW_iX3_2022_FR_DK,BMW,iX3,2022,70000,DK,https://www.bilbasen.dk/brugt/bil/bmw/ix3?includeengroscvr=true&includeleasing=false&mileageto=70000&regfrom=2022-01&regto=2022-12&sortby=price&sortorder=asc,FR,https://www.leboncoin.fr/recherche?category=2&regdate=2022-2022&mileage=min-70000&u_car_brand=BMW&u_car_model=BMW_iX3&sort=price&order=asc,
MS_BMW_iX3_2023_FR_DK,BMW,iX3,2023,70000,DK,https://www.bilbasen.dk/brugt/bil/bmw/ix3?includeengroscvr=true&includeleasing=false&mileageto=70000&regfrom=2023-01&regto=2023-12&sortby=price&sortorder=asc,FR,https://www.leboncoin.fr/recherche?category=2&regdate=2023-2023&mileage=min-70000&u_car_brand=BMW&u_car_model=BMW_iX3&sort=price&order=asc,
MS_BMW_iX3_2024_FR_DK,BMW,iX3,2024,70000,DK,https://www.bilbasen.dk/brugt/bil/bmw/ix3?includeengroscvr=true&includeleasing=false&mileageto=70000&regfrom=2022-01&regto=2022-12&sortby=price&sortorder=asc,FR,https://www.leboncoin.fr/recherche?category=2&regdate=2024-2024&mileage=min-70000&u_car_brand=BMW&u_car_model=BMW_iX3&sort=price&order=asc,
MS_BMW_iX3_2025_FR_DK,BMW,iX3,2025,70000,DK,https://www.bilbasen.dk/brugt/bil/bmw/ix3?includeengroscvr=true&includeleasing=false&mileageto=70000&regfrom=2022-01&regto=2022-12&sortby=price&sortorder=asc,FR,https://www.leboncoin.fr/recherche?category=2&regdate=2025-2025&mileage=min-70000&u_car_brand=BMW&u_car_model=BMW_iX3&sort=price&order=asc,
MS_BMW_X3_2021_FR_NL,BMW,X3,2021,70000,NL,https://www.marktplaats.nl/l/auto-s/bmw/f/x3+hybride-elektrisch-benzine/617+13838/#f:10882|offeredSince:Altijd|constructionYearFrom:2021|constructionYearTo:2021|mileageTo:70001|sortBy:PRICE|sortOrder:INCREASING,FR,"https://www.leboncoin.fr/recherche?category=2&regdate=2021-2021&mileage=min-70000&u_car_brand=BMW&u_car_model=BMW_X3&fuel=6,8&owner_type=all&sort=price&order=asc",
MS_BMW_X3_2022_FR_NL,BMW,X3,2022,70000,NL,https://www.marktplaats.nl/l/auto-s/bmw/f/x3+hybride-elektrisch-benzine/617+13838/#f:10882|offeredSince:Altijd|mileageTo:70001|constructionYearFrom:2022|constructionYearTo:2022|sortBy:PRICE|sortOrder:INCREASING,FR,"https://www.leboncoin.fr/recherche?category=2&regdate=2022-2022&mileage=min-70000&u_car_brand=BMW&u_car_model=BMW_X3&fuel=6,8&owner_type=all&sort=price&order=asc",
MS_BMW_X3_2023_FR_NL,BMW,X3,2023,70000,NL,https://www.marktplaats.nl/l/auto-s/bmw/f/x3+hybride-elektrisch-benzine/617+13838/#f:10882|offeredSince:Altijd|mileageTo:70001|constructionYearFrom:2023|constructionYearTo:2023|sortBy:PRICE|sortOrder:INCREASING,FR,"https://www.leboncoin.fr/recherche?category=2&regdate=2023-2023&mileage=min-70000&u_car_brand=BMW&u_car_model=BMW_X3&fuel=6,8&owner_type=all&sort=price&order=asc",
MS_BMW_X3_2024_FR_NL,BMW,X3,2024,70000,NL,https://www.marktplaats.nl/l/auto-s/bmw/f/x3+hybride-elektrisch-benzine/617+13838/#f:10882|offeredSince:Altijd|mileageTo:70001|constructionYearFrom:2024|constructionYearTo:2024|sortBy:PRICE|sortOrder:INCREASING,FR,"https://www.leboncoin.fr/recherche?category=2&regdate=2024-2024&mileage=min-70000&u_car_brand=BMW&u_car_model=BMW_X3&fuel=6,8&owner_type=all&sort=price&order=asc",
MS_BMW_X3_2025_FR_NL,BMW,X3,2025,70000,NL,https://www.marktplaats.nl/l/auto-s/bmw/f/x3+hybride-elektrisch-benzine/617+13838/#f:10882|offeredSince:Altijd|mileageTo:70001|constructionYearFrom:2025|constructionYearTo:2025|sortBy:PRICE|sortOrder:INCREASING,FR,"https://www.leboncoin.fr/recherche?category=2&regdate=2025-2025&mileage=min-70000&u_car_brand=BMW&u_car_model=BMW_X3&fuel=6,8&owner_type=all&sort=price&order=asc",
MS_BMW_X5_2021_FR_NL,BMW,X5,2021,70000,NL,https://www.marktplaats.nl/l/auto-s/bmw/f/x5+hybride-elektrisch-benzine/618+13838/#f:10882|offeredSince:Altijd|constructionYearFrom:2021|constructionYearTo:2021|mileageTo:70001|sortBy:PRICE|sortOrder:INCREASING,FR,https://www.leboncoin.fr/recherche?category=2&regdate=2021-2021&mileage=min-70000&u_car_brand=BMW&u_car_model=BMW_X5&fuel=8&owner_type=all&sort=price&order=asc,
MS_BMW_X5_2022_FR_NL,BMW,X5,2022,70000,NL,https://www.marktplaats.nl/l/auto-s/bmw/f/x5+hybride-elektrisch-benzine/618+13838/#f:10882|offeredSince:Altijd|mileageTo:70001|constructionYearFrom:2022|constructionYearTo:2022|sortBy:PRICE|sortOrder:INCREASING,FR,https://www.leboncoin.fr/recherche?category=2&regdate=2022-2022&mileage=min-70000&u_car_brand=BMW&u_car_model=BMW_X5&fuel=8&owner_type=all&sort=price&order=asc,
MS_BMW_X5_2023_FR_NL,BMW,X5,2023,70000,NL,https://www.marktplaats.nl/l/auto-s/bmw/f/x5+hybride-elektrisch-benzine/618+13838/#f:10882|offeredSince:Altijd|mileageTo:70001|constructionYearFrom:2023|constructionYearTo:2023|sortBy:PRICE|sortOrder:INCREASING,FR,https://www.leboncoin.fr/recherche?category=2&regdate=2023-2023&mileage=min-70000&u_car_brand=BMW&u_car_model=BMW_X5&fuel=8&owner_type=all&sort=price&order=asc,
MS_BMW_X5_2024_FR_NL,BMW,X5,2024,70000,NL,https://www.marktplaats.nl/l/auto-s/bmw/f/x5+hybride-elektrisch-benzine/618+13838/#f:10882|offeredSince:Altijd|mileageTo:70001|constructionYearFrom:2024|constructionYearTo:2024|sortBy:PRICE|sortOrder:INCREASING,FR,https://www.leboncoin.fr/recherche?category=2&regdate=2024-2024&mileage=min-70000&u_car_brand=BMW&u_car_model=BMW_X5&fuel=8&owner_type=all&sort=price&order=asc,
MS_BMW_X5_2025_FR_NL,BMW,X5,2025,70000,NL,https://www.marktplaats.nl/l/auto-s/bmw/f/x5+hybride-elektrisch-benzine/618+13838/#f:10882|offeredSince:Altijd|mileageTo:70001|constructionYearFrom:2025|constructionYearTo:2025|sortBy:PRICE|sortOrder:INCREASING,FR,https://www.leboncoin.fr/recherche?category=2&regdate=2025-2025&mileage=min-70000&u_car_brand=BMW&u_car_model=BMW_X5&fuel=8&owner_type=all&sort=price&order=asc,
MS_CUPRA_TAVASCAN_EV_2021_FR_DK,CUPRA,TAVASCAN,2021,70000,DK,https://www.bilbasen.dk/brugt/bil/cupra/tavascan?includeengroscvr=true&includeleasing=false&mileageto=70000&regfrom=2021-01&sortby=price&sortorder=asc,FR,https://www.leboncoin.fr/recherche?category=2&regdate=2021-max&mileage=min-70000&u_car_brand=CUPRA&u_car_model=CUPRA_Tavascan&fuel=4&sort=price&order=asc,https://www.marktplaats.nl/l/auto-s/bmw/f/5-serie+hybride-elektrisch-benzine/611+13838/#f:10882|offeredSince:Altijd|constructionYearFrom:2023|constructionYearTo:2023|sortBy:PRICE|sortOrder:INCREASING
MS_HYUNDAI_KONA_EV_2020_FR_NL,HYUNDAI,KONA EV,2020,70000,NL,https://www.marktplaats.nl/l/auto-s/#q:hyundai+kona|f:10882|offeredSince:Altijd|constructionYearFrom:2020|constructionYearTo:2020|mileageTo:70001|sortBy:PRICE|sortOrder:INCREASING,FR,https://www.leboncoin.fr/recherche?category=2&u_car_brand=HYUNDAI&u_car_model=HYUNDAI_Kona&regdate=2020-2020&mileage=min-70000&fuel=4&owner_type=all&sort=price&order=asc,
MS_HYUNDAI_KONA_EV_2021_FR_NL,HYUNDAI,KONA EV,2021,70000,NL,https://www.marktplaats.nl/l/auto-s/#q:hyundai+kona|f:10882|offeredSince:Altijd|mileageTo:70001|constructionYearFrom:2021|constructionYearTo:2021|sortBy:PRICE|sortOrder:INCREASING,FR,https://www.leboncoin.fr/recherche?category=2&u_car_brand=HYUNDAI&u_car_model=HYUNDAI_Kona&regdate=2021-2021&mileage=min-70000&fuel=4&owner_type=all&sort=price&order=asc,
MS_HYUNDAI_KONA_EV_2022_FR_NL,HYUNDAI,KONA EV,2022,70000,NL,https://www.marktplaats.nl/l/auto-s/#q:hyundai+kona|f:10882|offeredSince:Altijd|mileageTo:70001|constructionYearFrom:2022|constructionYearTo:2022|sortBy:PRICE|sortOrder:INCREASING,FR,https://www.leboncoin.fr/recherche?category=2&u_car_brand=HYUNDAI&u_car_model=HYUNDAI_Kona&regdate=2022-2022&mileage=min-70000&fuel=4&owner_type=all&sort=price&order=asc,
MS_HYUNDAI_KONA_EV_2023_FR_NL,HYUNDAI,KONA EV,2023,70000,NL,https://www.marktplaats.nl/l/auto-s/#q:hyundai+kona|f:10882|offeredSince:Altijd|mileageTo:70001|constructionYearFrom:2023|constructionYearTo:2023|sortBy:PRICE|sortOrder:INCREASING,FR,https://www.leboncoin.fr/recherche?category=2&u_car_brand=HYUNDAI&u_car_model=HYUNDAI_Kona&regdate=2023-2023&mileage=min-70000&fuel=4&owner_type=all&sort=price&order=asc,
MS_HYUNDAI_KONA_EV_2024_FR_NL,HYUNDAI,KONA EV,2024,70000,NL,https://www.marktplaats.nl/l/auto-s/#q:hyundai+kona|f:10882|offeredSince:Altijd|mileageTo:70001|constructionYearFrom:2024|constructionYearTo:2024|sortBy:PRICE|sortOrder:INCREASING,FR,https://www.leboncoin.fr/recherche?category=2&u_car_brand=HYUNDAI&u_car_model=HYUNDAI_Kona&regdate=2024-2024&mileage=min-70000&fuel=4&owner_type=all&sort=price&order=asc,
MS_HYUNDAI_KONA_EV_2025_FR_NL,HYUNDAI,KONA EV,2025,70000,NL,https://www.marktplaats.nl/l/auto-s/#q:hyundai+kona|f:10882|offeredSince:Altijd|mileageTo:70001|constructionYearFrom:2025|constructionYearTo:2025|sortBy:PRICE|sortOrder:INCREASING,FR,https://www.leboncoin.fr/recherche?category=2&u_car_brand=HYUNDAI&u_car_model=HYUNDAI_Kona&regdate=2025-2025&mileage=min-70000&fuel=4&owner_type=all&sort=price&order=asc,
MS_HYUNDAI_KONA_2021_FR_NL,HYUNDAI,KONA,2021,70000,NL,https://www.marktplaats.nl/l/auto-s/hyundai/f/kona+hybride-elektrisch-benzine/11901+13838/#f:10882|offeredSince:Altijd|constructionYearFrom:2021|constructionYearTo:2021|mileageTo:70001|sortBy:PRICE|sortOrder:INCREASING,FR,https://www.leboncoin.fr/recherche?category=2&regdate=2021-2021&mileage=min-70000&u_car_brand=HYUNDAI&u_car_model=HYUNDAI_Kona&fuel=6&owner_type=all&sort=price&order=asc,
MS_HYUNDAI_KONA_2022_FR_NL,HYUNDAI,KONA,2022,70000,NL,https://www.marktplaats.nl/l/auto-s/hyundai/f/kona+hybride-elektrisch-benzine/11901+13838/#f:10882|offeredSince:Altijd|mileageTo:70001|constructionYearFrom:2022|constructionYearTo:2022|sortBy:PRICE|sortOrder:INCREASING,FR,https://www.leboncoin.fr/recherche?category=2&regdate=2022-2022&mileage=min-70000&u_car_brand=HYUNDAI&u_car_model=HYUNDAI_Kona&fuel=6&owner_type=all&sort=price&order=asc,
MS_HYUNDAI_KONA_2023_FR_NL,HYUNDAI,KONA,2023,70000,NL,https://www.marktplaats.nl/l/auto-s/hyundai/f/kona+hybride-elektrisch-benzine/11901+13838/#f:10882|offeredSince:Altijd|mileageTo:70001|constructionYearFrom:2023|constructionYearTo:2023|sortBy:PRICE|sortOrder:INCREASING,FR,https://www.leboncoin.fr/recherche?category=2&regdate=2023-2023&mileage=min-70000&u_car_brand=HYUNDAI&u_car_model=HYUNDAI_Kona&fuel=6&owner_type=all&sort=price&order=asc,
MS_HYUNDAI_KONA_2024_FR_NL,HYUNDAI,KONA,2024,70000,NL,https://www.marktplaats.nl/l/auto-s/hyundai/f/kona+hybride-elektrisch-benzine/11901+13838/#f:10882|offeredSince:Altijd|mileageTo:70001|constructionYearFrom:2024|constructionYearTo:2024|sortBy:PRICE|sortOrder:INCREASING,FR,https://www.leboncoin.fr/recherche?category=2&u_car_brand=HYUNDAI&u_car_model=HYUNDAI_Kona&regdate=2024-2024&mileage=min-70000&fuel=6&owner_type=all&sort=price&order=asc,
MS_HYUNDAI_KONA_2025_FR_NL,HYUNDAI,KONA,2025,70000,NL,https://www.marktplaats.nl/l/auto-s/hyundai/f/kona+hybride-elektrisch-benzine/11901+13838/#f:10882|offeredSince:Altijd|mileageTo:70001|constructionYearFrom:2025|constructionYearTo:2025|sortBy:PRICE|sortOrder:INCREASING,FR,https://www.leboncoin.fr/recherche?category=2&regdate=2025-2025&mileage=min-70000&u_car_brand=HYUNDAI&u_car_model=HYUNDAI_Kona&fuel=6&owner_type=all&sort=price&order=asc,
MS_HYUNDAI_TUCSON_HEV_2021_FR_NL,HYUNDAI,TUCSON,2021,70000,NL,https://www.marktplaats.nl/l/auto-s/hyundai/f/tucson+hybride-elektrisch-benzine/850+13838/#f:10882|offeredSince:Altijd|mileageTo:70001|constructionYearFrom:2021|constructionYearTo:2021|sortBy:PRICE|sortOrder:INCREASING,FR,"https://www.leboncoin.fr/recherche?category=2&regdate=2021-2021&mileage=min-70000&u_car_brand=HYUNDAI&u_car_model=HYUNDAI_Q8,HYUNDAI_X5,HYUNDAI_Puma,HYUNDAI_HR-V,HYUNDAI_Tucson&fuel=8&owner_type=all&sort=price&order=asc",
MS_HYUNDAI_TUCSON_HEV_2022_FR_NL,HYUNDAI,TUCSON,2022,70000,NL,https://www.marktplaats.nl/l/auto-s/hyundai/f/tucson+hybride-elektrisch-benzine/850+13838/#f:10882|offeredSince:Altijd|mileageTo:70001|constructionYearFrom:2022|constructionYearTo:2022|sortBy:PRICE|sortOrder:INCREASING,FR,"https://www.leboncoin.fr/recherche?category=2&regdate=2022-2022&mileage=min-70000&u_car_brand=HYUNDAI&u_car_model=HYUNDAI_Q8,HYUNDAI_X5,HYUNDAI_Puma,HYUNDAI_HR-V,HYUNDAI_Tucson&fuel=8&owner_type=all&sort=price&order=asc",
MS_HYUNDAI_TUCSON_HEV_2023_FR_NL,HYUNDAI,TUCSON HEV,2023,70000,NL,https://www.marktplaats.nl/l/auto-s/hyundai/f/tucson/850/#f:10882|offeredSince:Altijd|mileageTo:70001|constructionYearFrom:2023|constructionYearTo:2023|sortBy:PRICE|sortOrder:INCREASING,FR,"https://www.leboncoin.fr/recherche?category=2&regdate=2023-2023&mileage=min-70000&horse_power_din=200-max&u_car_brand=HYUNDAI&u_car_model=HYUNDAI_Q8,HYUNDAI_X5,HYUNDAI_Puma,HYUNDAI_HR-V,HYUNDAI_Tucson&fuel=8,6&owner_type=all&sort=price&order=asc",
MS_HYUNDAI_TUCSON_2024_FR_NL,HYUNDAI,TUCSON,2024,70000,NL,https://www.marktplaats.nl/l/auto-s/hyundai/f/tucson+hybride-elektrisch-benzine/850+13838/#f:10882|offeredSince:Altijd|mileageTo:70001|constructionYearFrom:2024|constructionYearTo:2024|sortBy:PRICE|sortOrder:INCREASING,FR,"https://www.leboncoin.fr/recherche?category=2&regdate=2023-2024&mileage=min-70000&u_car_brand=HYUNDAI&u_car_model=HYUNDAI_Q8,HYUNDAI_X5,HYUNDAI_Puma,HYUNDAI_HR-V,HYUNDAI_Tucson&fuel=8&owner_type=all&sort=price&order=asc",
MS_HYUNDAI_TUCSON_2025_FR_NL,HYUNDAI,TUCSON,2025,70000,NL,https://www.marktplaats.nl/l/auto-s/hyundai/f/tucson+hybride-elektrisch-benzine/850+13838/#f:10882|offeredSince:Altijd|mileageTo:70001|constructionYearFrom:2025|constructionYearTo:2025|sortBy:PRICE|sortOrder:INCREASING,FR,"https://www.leboncoin.fr/recherche?category=2&regdate=2025-2025&mileage=min-70000&u_car_brand=HYUNDAI&u_car_model=HYUNDAI_Q8,HYUNDAI_X5,HYUNDAI_Puma,HYUNDAI_HR-V,HYUNDAI_Tucson&fuel=8&owner_type=all&sort=price&order=asc",
MS_HYUNDAI_TUCSON_PHEV_2021_FR_NL,HYUNDAI,TUCSON PHEV,2021,70000,NL,https://www.marktplaats.nl/l/auto-s/hyundai/f/tucson+plug-in-hybride/850+13956/#f:10882|offeredSince:Altijd|mileageTo:70001|constructionYearFrom:2021|constructionYearTo:2021|sortBy:PRICE|sortOrder:INCREASING,FR,"https://www.leboncoin.fr/recherche?category=2&regdate=2021-2021&mileage=min-70000&horse_power_din=240-max&u_car_brand=HYUNDAI&u_car_model=HYUNDAI_Q8,HYUNDAI_X5,HYUNDAI_Puma,HYUNDAI_HR-V,HYUNDAI_Tucson&fuel=8,6&owner_type=all&sort=price&order=asc",
MS_HYUNDAI_TUCSON_PHEV_2022_FR_NL,HYUNDAI,TUCSON PHEV,2022,70000,NL,https://www.marktplaats.nl/l/auto-s/hyundai/f/tucson+plug-in-hybride/850+13956/#f:10882|offeredSince:Altijd|mileageTo:70001|constructionYearFrom:2022|constructionYearTo:2022|sortBy:PRICE|sortOrder:INCREASING,FR,"https://www.leboncoin.fr/recherche?category=2&regdate=2022-2022&mileage=min-70000&horse_power_din=240-max&u_car_brand=HYUNDAI&u_car_model=HYUNDAI_Q8,HYUNDAI_X5,HYUNDAI_Puma,HYUNDAI_HR-V,HYUNDAI_Tucson&fuel=8,6&owner_type=all&sort=price&order=asc",
MS_HYUNDAI_TUCSON_PHEV_2023_FR_NL,HYUNDAI,TUCSON PHEV,2023,70000,NL,https://www.marktplaats.nl/l/auto-s/hyundai/f/tucson+plug-in-hybride/850+13956/#f:10882|offeredSince:Altijd|mileageTo:70001|constructionYearFrom:2023|constructionYearTo:2023|sortBy:PRICE|sortOrder:INCREASING,FR,"https://www.leboncoin.fr/recherche?category=2&regdate=2023-2023&mileage=min-70000&horse_power_din=240-max&u_car_brand=HYUNDAI&u_car_model=HYUNDAI_Q8,HYUNDAI_X5,HYUNDAI_Puma,HYUNDAI_HR-V,HYUNDAI_Tucson&fuel=8,6&owner_type=all&sort=price&order=asc",
MS_HYUNDAI_TUCSON_PHEV_2024_FR_NL,HYUNDAI,TUCSON PHEV,2024,70000,NL,https://www.marktplaats.nl/l/auto-s/hyundai/f/tucson+plug-in-hybride/850+13956/#f:10882|offeredSince:Altijd|mileageTo:70001|constructionYearFrom:2024|constructionYearTo:2024|sortBy:PRICE|sortOrder:INCREASING,FR,"https://www.leboncoin.fr/recherche?category=2&regdate=2024-2024&mileage=min-70000&horse_power_din=240-max&u_car_brand=HYUNDAI&u_car_model=HYUNDAI_Q8,HYUNDAI_X5,HYUNDAI_Puma,HYUNDAI_HR-V,HYUNDAI_Tucson&fuel=8,6&owner_type=all&sort=price&order=asc",
MS_HYUNDAI_TUCSON_PHEV_2025_FR_NL,HYUNDAI,TUCSON PHEV,2025,70000,NL,https://www.marktplaats.nl/l/auto-s/hyundai/f/tucson+plug-in-hybride/850+13956/#f:10882|offeredSince:Altijd|mileageTo:70001|constructionYearFrom:2025|constructionYearTo:2025|sortBy:PRICE|sortOrder:INCREASING,FR,"https://www.leboncoin.fr/recherche?category=2&regdate=2024-2025&mileage=min-70000&horse_power_din=240-max&u_car_brand=HYUNDAI&u_car_model=HYUNDAI_Q8,HYUNDAI_X5,HYUNDAI_Puma,HYUNDAI_HR-V,HYUNDAI_Tucson&fuel=8,6&owner_type=all&sort=price&order=asc",
MS_FORD_KUGA_2020_FR_NL,FORD,Kuga,2020,70000,NL,https://www.marktplaats.nl/l/auto-s/f/plug-in-hybride/13956/#q:ford+kuga|f:10882|offeredSince:Altijd|constructionYearFrom:2020|constructionYearTo:2020|mileageTo:70001|sortBy:PRICE|sortOrder:INCREASING,FR,https://www.leboncoin.fr/recherche?category=2&regdate=2020-2021&mileage=min-70000&u_car_brand=FORD&u_car_model=FORD_Kuga&fuel=8&owner_type=all&sort=price&order=asc,
MS_FORD_KUGA_2021_FR_NL,FORD,Kuga,2021,70000,NL,https://www.marktplaats.nl/l/auto-s/f/plug-in-hybride/13956/#q:ford+kuga|f:10882|offeredSince:Altijd|mileageTo:70001|constructionYearFrom:2021|constructionYearTo:2021|sortBy:PRICE|sortOrder:INCREASING,FR,https://www.leboncoin.fr/recherche?category=2&regdate=2021-2021&mileage=min-70000&u_car_brand=FORD&u_car_model=FORD_Kuga&fuel=8&owner_type=all&sort=price&order=asc,
MS_FORD_KUGA_2022_FR_NL,FORD,Kuga,2022,70000,NL,https://www.marktplaats.nl/l/auto-s/f/plug-in-hybride/13956/#q:ford+kuga|f:10882|offeredSince:Altijd|mileageTo:70001|constructionYearFrom:2022|constructionYearTo:2022|sortBy:PRICE|sortOrder:INCREASING,FR,https://www.leboncoin.fr/recherche?category=2&regdate=2020-2022&mileage=min-70000&u_car_brand=FORD&u_car_model=FORD_Kuga&fuel=8&owner_type=all&sort=price&order=asc,
MS_FORD_KUGA_2023_FR_NL,FORD,Kuga,2023,70000,NL,https://www.marktplaats.nl/l/auto-s/f/plug-in-hybride/13956/#q:ford+kuga|f:10882|offeredSince:Altijd|mileageTo:70001|constructionYearFrom:2023|constructionYearTo:2023|sortBy:PRICE|sortOrder:INCREASING,FR,https://www.leboncoin.fr/recherche?category=2&regdate=2023-2023&mileage=min-70000&u_car_brand=FORD&u_car_model=FORD_Kuga&fuel=8&owner_type=all&sort=price&order=asc,
MS_FORD_KUGA_2024_FR_NL,FORD,Kuga,2024,70000,NL,https://www.marktplaats.nl/l/auto-s/f/plug-in-hybride/13956/#q:ford+kuga|f:10882|offeredSince:Altijd|mileageTo:70001|constructionYearFrom:2024|constructionYearTo:2024|sortBy:PRICE|sortOrder:INCREASING,FR,https://www.leboncoin.fr/recherche?category=2&regdate=2023-2024&mileage=min-70000&u_car_brand=FORD&u_car_model=FORD_Kuga&fuel=8&owner_type=all&sort=price&order=asc,
MS_FORD_KUGA_2025_FR_NL,FORD,Kuga,2025,70000,NL,https://www.marktplaats.nl/l/auto-s/f/plug-in-hybride/13956/#q:ford+kuga|f:10882|offeredSince:Altijd|mileageTo:70001|constructionYearFrom:2025|constructionYearTo:2025|sortBy:PRICE|sortOrder:INCREASING,FR,https://www.leboncoin.fr/recherche?category=2&regdate=2025-2025&mileage=min-70000&u_car_brand=FORD&u_car_model=FORD_Kuga&fuel=8&owner_type=all&sort=price&order=asc,
MS_TOYOTA_AYGO_X_2022_FR_NL,TOYOTA,AYGO X,2022,70000,NL,"https://www.marktplaats.nl/l/auto-s/toyota/f/aygo-x+benzine/13883+473/#f:10882,534|offeredSince:Altijd|mileageTo:70001|constructionYearFrom:2022|constructionYearTo:2022|sortBy:PRICE|sortOrder:INCREASING",FR,https://www.leboncoin.fr/recherche?category=2&regdate=2022-2022&mileage=min-70000&u_car_brand=TOYOTA&u_car_model=TOYOTA_Aygo%20X&gearbox=2&owner_type=all&sort=price&order=asc,
MS_TOYOTA_AYGO_X_2023_FR_NL,TOYOTA,AYGO X,2023,70000,NL,"https://www.marktplaats.nl/l/auto-s/toyota/f/aygo-x+benzine/13883+473/#f:10882,534|offeredSince:Altijd|mileageTo:70001|constructionYearFrom:2023|constructionYearTo:2023|sortBy:PRICE|sortOrder:INCREASING",FR,https://www.leboncoin.fr/recherche?category=2&regdate=2023-2023&mileage=min-70000&u_car_brand=TOYOTA&u_car_model=TOYOTA_Aygo%20X&gearbox=2&owner_type=all&sort=price&order=asc,
MS_TOYOTA_AYGO_X_2024_FR_NL,TOYOTA,AYGO X,2024,70000,NL,"https://www.marktplaats.nl/l/auto-s/toyota/f/aygo-x+benzine/13883+473/#f:10882,534|offeredSince:Altijd|mileageTo:70001|constructionYearFrom:2024|constructionYearTo:2024|sortBy:PRICE|sortOrder:INCREASING",FR,https://www.leboncoin.fr/recherche?category=2&regdate=2024-2024&mileage=min-70000&u_car_brand=TOYOTA&u_car_model=TOYOTA_Aygo%20X&gearbox=2&owner_type=all&sort=price&order=asc,
MS_TOYOTA_AYGO_X_2025_FR_NL,TOYOTA,AYGO X,2025,70000,NL,"https://www.marktplaats.nl/l/auto-s/toyota/f/aygo-x+benzine/13883+473/#f:10882,534|offeredSince:Altijd|mileageTo:70001|constructionYearFrom:2025|constructionYearTo:2025|sortBy:PRICE|sortOrder:INCREASING",FR,https://www.leboncoin.fr/recherche?category=2&regdate=2025-2025&mileage=min-70000&u_car_brand=TOYOTA&u_car_model=TOYOTA_Aygo%20X&gearbox=2&owner_type=all&sort=price&order=asc,
MS_TOYOTA_CHR_2018_FR_NL,TOYOTA,CHR,2018,70000,NL,https://www.marktplaats.nl/l/auto-s/toyota/f/c-hr+hybride-elektrisch-benzine/11718+13838/#f:10882|offeredSince:Altijd|mileageTo:70001|constructionYearFrom:2018|constructionYearTo:2018|sortBy:PRICE|sortOrder:INCREASING,FR,https://www.leboncoin.fr/recherche?category=2&mileage=min-70000&regdate=2018-2018&u_car_brand=TOYOTA&fuel=6&u_car_model=TOYOTA_C-HR&sort=price&order=asc,
MS_TOYOTA_CHR_2019_FR_NL,TOYOTA,CHR,2019,70000,NL,https://www.marktplaats.nl/l/auto-s/toyota/f/c-hr+hybride-elektrisch-benzine/11718+13838/#f:10882|offeredSince:Altijd|mileageTo:70001|constructionYearFrom:2019|constructionYearTo:2019|sortBy:PRICE|sortOrder:INCREASING,FR,https://www.leboncoin.fr/recherche?category=2&mileage=min-70000&regdate=2018-2019&u_car_brand=TOYOTA&fuel=6&u_car_model=TOYOTA_C-HR&sort=price&order=asc,
MS_TOYOTA_CHR_2020_FR_NL,TOYOTA,CHR,2020,70000,NL,https://www.marktplaats.nl/l/auto-s/toyota/f/c-hr+hybride-elektrisch-benzine/11718+13838/#f:10882|offeredSince:Altijd|mileageTo:70001|constructionYearFrom:2020|constructionYearTo:2020|sortBy:PRICE|sortOrder:INCREASING,FR,https://www.leboncoin.fr/recherche?category=2&mileage=min-70000&regdate=2020-2020&u_car_brand=TOYOTA&fuel=6&u_car_model=TOYOTA_C-HR&sort=price&order=asc,
MS_TOYOTA_CHR_2021_FR_NL,TOYOTA,CHR,2021,70000,NL,https://www.marktplaats.nl/l/auto-s/toyota/f/c-hr+hybride-elektrisch-benzine/11718+13838/#f:10882|offeredSince:Altijd|mileageTo:70001|constructionYearFrom:2021|constructionYearTo:2021|sortBy:PRICE|sortOrder:INCREASING,FR,https://www.leboncoin.fr/recherche?category=2&mileage=min-70000&regdate=2021-2021&u_car_brand=TOYOTA&fuel=6&u_car_model=TOYOTA_C-HR&sort=price&order=asc,
MS_TOYOTA_CHR_2022_FR_NL,TOYOTA,CHR,2022,70000,NL,https://www.marktplaats.nl/l/auto-s/toyota/f/c-hr+hybride-elektrisch-benzine/11718+13838/#f:10882|offeredSince:Altijd|mileageTo:70001|constructionYearFrom:2022|constructionYearTo:2022|sortBy:PRICE|sortOrder:INCREASING,FR,https://www.leboncoin.fr/recherche?category=2&mileage=min-70000&regdate=2022-2022&u_car_brand=TOYOTA&fuel=6&u_car_model=TOYOTA_C-HR&sort=price&order=asc,
MS_TOYOTA_CHR_2023_FR_NL,TOYOTA,CHR,2023,70000,NL,https://www.marktplaats.nl/l/auto-s/toyota/f/c-hr+hybride-elektrisch-benzine/11718+13838/#f:10882|offeredSince:Altijd|mileageTo:70001|constructionYearFrom:2023|constructionYearTo:2023|sortBy:PRICE|sortOrder:INCREASING,FR,https://www.leboncoin.fr/recherche?category=2&mileage=min-70000&regdate=2023-2023&u_car_brand=TOYOTA&fuel=6&u_car_model=TOYOTA_C-HR&sort=price&order=asc,
MS_TOYOTA_CHR_2024_FR_NL,TOYOTA,CHR,2024,70000,NL,https://www.marktplaats.nl/l/auto-s/toyota/f/c-hr+hybride-elektrisch-benzine/11718+13838/#f:10882|offeredSince:Altijd|mileageTo:70001|constructionYearFrom:2024|constructionYearTo:2024|sortBy:PRICE|sortOrder:INCREASING,FR,https://www.leboncoin.fr/recherche?category=2&mileage=min-70000&regdate=2023-2024&u_car_brand=TOYOTA&fuel=6&u_car_model=TOYOTA_C-HR&sort=price&order=asc,
MS_TOYOTA_CHR_2025_FR_NL,TOYOTA,CHR,2025,70000,NL,https://www.marktplaats.nl/l/auto-s/toyota/f/c-hr+hybride-elektrisch-benzine/11718+13838/#f:10882|offeredSince:Altijd|mileageTo:70001|constructionYearFrom:2025|constructionYearTo:2025|sortBy:PRICE|sortOrder:INCREASING,FR,https://www.leboncoin.fr/recherche?category=2&mileage=min-70000&regdate=2025-2025&u_car_brand=TOYOTA&fuel=6&u_car_model=TOYOTA_C-HR&sort=price&order=asc,
MS_TOYOTA_COROLLA_2020_FR_NL,TOYOTA,Corolla,2020,70000,NL,https://www.marktplaats.nl/l/auto-s/f/volledig-hybride/13955/#q:toyota+corolla|f:10882|offeredSince:Altijd|constructionYearFrom:2020|constructionYearTo:2020|mileageTo:70001|sortBy:PRICE|sortOrder:INCREASING,FR,https://www.leboncoin.fr/recherche?category=2&u_car_brand=TOYOTA&u_car_model=TOYOTA_Corolla&regdate=2020-2020&mileage=min-70000&fuel=6&owner_type=all&sort=price&order=asc,
MS_TOYOTA_COROLLA_2021_FR_NL,TOYOTA,Corolla,2021,70000,NL,https://www.marktplaats.nl/l/auto-s/f/volledig-hybride/13955/#q:toyota+corolla|f:10882|offeredSince:Altijd|mileageTo:70001|constructionYearFrom:2021|constructionYearTo:2021|sortBy:PRICE|sortOrder:INCREASING,FR,https://www.leboncoin.fr/recherche?category=2&u_car_brand=TOYOTA&u_car_model=TOYOTA_Corolla&regdate=2021-2021&mileage=min-70000&fuel=6&owner_type=all&sort=price&order=asc,
MS_TOYOTA_COROLLA_2022_FR_NL,TOYOTA,Corolla,2022,70000,NL,https://www.marktplaats.nl/l/auto-s/f/volledig-hybride/13955/#q:toyota+corolla|f:10882|offeredSince:Altijd|mileageTo:70001|constructionYearFrom:2022|constructionYearTo:2022|sortBy:PRICE|sortOrder:INCREASING,FR,https://www.leboncoin.fr/recherche?category=2&u_car_brand=TOYOTA&u_car_model=TOYOTA_Corolla&regdate=2022-2022&mileage=min-70000&fuel=6&owner_type=all&sort=price&order=asc,
MS_TOYOTA_COROLLA_2023_FR_NL,TOYOTA,Corolla,2023,70000,NL,https://www.marktplaats.nl/l/auto-s/f/volledig-hybride/13955/#q:toyota+corolla|f:10882|offeredSince:Altijd|mileageTo:70001|constructionYearFrom:2023|constructionYearTo:2023|sortBy:PRICE|sortOrder:INCREASING,FR,https://www.leboncoin.fr/recherche?category=2&u_car_brand=TOYOTA&u_car_model=TOYOTA_Corolla&regdate=2023-2023&mileage=min-70000&fuel=6&owner_type=all&sort=price&order=asc,
MS_TOYOTA_COROLLA_2024_FR_NL,TOYOTA,Corolla,2024,70000,NL,https://www.marktplaats.nl/l/auto-s/f/volledig-hybride/13955/#q:toyota+corolla|f:10882|offeredSince:Altijd|mileageTo:70001|constructionYearFrom:2024|constructionYearTo:2024|sortBy:PRICE|sortOrder:INCREASING,FR,https://www.leboncoin.fr/recherche?category=2&u_car_brand=TOYOTA&u_car_model=TOYOTA_Corolla&regdate=2024-2024&mileage=min-70000&fuel=6&owner_type=all&sort=price&order=asc,
MS_TOYOTA_COROLLA_2025_FR_NL,TOYOTA,Corolla,2025,70000,NL,https://www.marktplaats.nl/l/auto-s/f/volledig-hybride/13955/#q:toyota+corolla|f:10882|offeredSince:Altijd|mileageTo:70001|constructionYearFrom:2025|constructionYearTo:2025|sortBy:PRICE|sortOrder:INCREASING,FR,https://www.leboncoin.fr/recherche?category=2&u_car_brand=TOYOTA&u_car_model=TOYOTA_Corolla&regdate=2025-2025&mileage=min-70000&fuel=6&owner_type=all&sort=price&order=asc,
MS_TOYOTA_RAV4_2017_FR_NL,TOYOTA,RAV 4,2017,70000,NL,https://www.marktplaats.nl/l/auto-s/#q:toyota+rav4|f:10882|offeredSince:Altijd|mileageTo:70001|constructionYearFrom:2017|constructionYearTo:2017|sortBy:PRICE|sortOrder:INCREASING,FR,https://www.leboncoin.fr/recherche?category=2&u_car_brand=TOYOTA&u_car_model=TOYOTA_RAV4&regdate=2017-2017&mileage=min-70000&fuel=6&owner_type=all&sort=price&order=asc,
MS_TOYOTA_RAV4_2018_FR_NL,TOYOTA,RAV4,2018,70000,NL,https://www.marktplaats.nl/l/auto-s/#q:toyota+rav4|f:10882|offeredSince:Altijd|mileageTo:70001|constructionYearFrom:2018|constructionYearTo:2018|sortBy:PRICE|sortOrder:INCREASING,FR,https://www.leboncoin.fr/recherche?category=2&u_car_brand=TOYOTA&u_car_model=TOYOTA_RAV4&regdate=2018-2018&mileage=min-70000&fuel=6&owner_type=all&sort=price&order=asc,
MS_TOYOTA_RAV4_2020_FR_NL,TOYOTA,RAV4,2020,70000,NL,https://www.marktplaats.nl/l/auto-s/#q:toyota+rav4|f:10882|offeredSince:Altijd|mileageTo:70001|constructionYearFrom:2020|constructionYearTo:2020|sortBy:PRICE|sortOrder:INCREASING,FR,https://www.leboncoin.fr/recherche?category=2&u_car_brand=TOYOTA&u_car_model=TOYOTA_RAV4&regdate=2020-2020&mileage=min-70000&fuel=6&owner_type=all&sort=price&order=asc,
MS_TOYOTA_RAV4_2021_FR_NL,TOYOTA,RAV 4,2021,70000,NL,https://www.marktplaats.nl/l/auto-s/#q:toyota+rav4|f:10882|offeredSince:Altijd|constructionYearFrom:2021|constructionYearTo:2021|mileageTo:70001|sortBy:PRICE|sortOrder:INCREASING,FR,https://www.leboncoin.fr/recherche?category=2&u_car_brand=TOYOTA&u_car_model=TOYOTA_RAV4&regdate=2021-2021&mileage=min-70000&fuel=6&owner_type=all&sort=price&order=asc,
MS_TOYOTA_RAV4_2022_FR_NL,TOYOTA,RAV 4,2022,70000,NL,https://www.marktplaats.nl/l/auto-s/#q:toyota+rav4|f:10882|offeredSince:Altijd|mileageTo:70001|constructionYearFrom:2022|constructionYearTo:2022|sortBy:PRICE|sortOrder:INCREASING,FR,https://www.leboncoin.fr/recherche?category=2&u_car_brand=TOYOTA&u_car_model=TOYOTA_RAV4&regdate=2022-2022&mileage=min-70000&fuel=6&owner_type=all&sort=price&order=asc,
MS_TOYOTA_RAV4_2023_FR_NL,TOYOTA,RAV 4,2023,70000,NL,https://www.marktplaats.nl/l/auto-s/#q:toyota+rav4|f:10882|offeredSince:Altijd|mileageTo:70001|constructionYearFrom:2023|constructionYearTo:2023|sortBy:PRICE|sortOrder:INCREASING,FR,https://www.leboncoin.fr/recherche?category=2&u_car_brand=TOYOTA&u_car_model=TOYOTA_RAV4&regdate=2023-2023&mileage=min-70000&fuel=6&owner_type=all&sort=price&order=asc,
MS_TOYOTA_RAV4_2024_FR_NL,TOYOTA,RAV 4,2024,70000,NL,https://www.marktplaats.nl/l/auto-s/#q:toyota+rav4|f:10882|offeredSince:Altijd|mileageTo:70001|constructionYearFrom:2024|constructionYearTo:2024|sortBy:PRICE|sortOrder:INCREASING,FR,https://www.leboncoin.fr/recherche?category=2&u_car_brand=TOYOTA&u_car_model=TOYOTA_RAV4&regdate=2024-2024&mileage=min-70000&fuel=6&owner_type=all&sort=price&order=asc,
MS_TOYOTA_RAV4_2025_FR_NL,TOYOTA,RAV 4,2025,70000,NL,https://www.marktplaats.nl/l/auto-s/#q:toyota+rav4|f:10882|offeredSince:Altijd|mileageTo:70001|constructionYearFrom:2025|constructionYearTo:2025|sortBy:PRICE|sortOrder:INCREASING,FR,https://www.leboncoin.fr/recherche?category=2&u_car_brand=TOYOTA&u_car_model=TOYOTA_RAV4&regdate=2025-2025&mileage=min-70000&fuel=6&owner_type=all&sort=price&order=asc,
MS_TOYOTA_YARISCROSS_2021_FR_NL,TOYOTA,YARIS CROSS,2021,70000,NL,https://www.marktplaats.nl/l/auto-s/toyota/f/yaris-cross/13882/#f:10882|offeredSince:Altijd|constructionYearFrom:2021|constructionYearTo:2021|mileageTo:70001|sortBy:PRICE|sortOrder:INCREASING,FR,https://www.leboncoin.fr/recherche?category=2&u_car_brand=TOYOTA&u_car_model=TOYOTA_Yaris+Cross&regdate=2021-2021&mileage=min-70000&fuel=6&owner_type=all&sort=price&order=asc,
MS_TOYOTA_YARISCROSS_2022_FR_NL,TOYOTA,YARIS CROSS,2022,70000,NL,https://www.marktplaats.nl/l/auto-s/toyota/f/yaris-cross/13882/#f:10882|offeredSince:Altijd|constructionYearFrom:2021|constructionYearTo:2021|mileageTo:70001|sortBy:PRICE|sortOrder:INCREASING,FR,https://www.leboncoin.fr/recherche?category=2&u_car_brand=TOYOTA&u_car_model=TOYOTA_Yaris+Cross&regdate=2022-2022&mileage=min-70000&fuel=6&owner_type=all&sort=price&order=asc,
MS_TOYOTA_YARISCROSS_2023_FR_NL,TOYOTA,YARIS CROSS,2023,70000,NL,https://www.marktplaats.nl/l/auto-s/toyota/f/yaris-cross/13882/#f:10882|offeredSince:Altijd|constructionYearFrom:2022|constructionYearTo:2022|mileageTo:70001|sortBy:PRICE|sortOrder:INCREASING,FR,https://www.leboncoin.fr/recherche?category=2&u_car_brand=TOYOTA&u_car_model=TOYOTA_Yaris+Cross&regdate=2023-2023&mileage=min-70000&fuel=6&owner_type=all&sort=price&order=asc,
MS_TOYOTA_YARISCROSS_2024_FR_NL,TOYOTA,YARIS CROSS,2024,70000,NL,https://www.marktplaats.nl/l/auto-s/toyota/f/yaris-cross/13882/#f:10882|offeredSince:Altijd|constructionYearFrom:2024|constructionYearTo:2024|mileageTo:70001|sortBy:PRICE|sortOrder:INCREASING,FR,https://www.leboncoin.fr/recherche?category=2&u_car_brand=TOYOTA&u_car_model=TOYOTA_Yaris+Cross&regdate=2024-2024&mileage=min-70000&fuel=6&owner_type=all&sort=price&order=asc,
MS_TOYOTA_YARISCROSS_2025_FR_NL,TOYOTA,YARIS CROSS,2025,70000,NL,https://www.marktplaats.nl/l/auto-s/toyota/f/yaris-cross/13882/#f:10882|offeredSince:Altijd|constructionYearFrom:2025|constructionYearTo:2025|mileageTo:70001|sortBy:PRICE|sortOrder:INCREASING,FR,https://www.leboncoin.fr/recherche?category=2&u_car_brand=TOYOTA&u_car_model=TOYOTA_Yaris+Cross&regdate=2025-2025&mileage=min-70000&fuel=6&owner_type=all&sort=price&order=asc,
MS_TOYOTA_YARIS_2019_FR_NL,TOYOTA,YARIS,2019,70000,NL,https://www.marktplaats.nl/l/auto-s/toyota/f/yaris+hybride-elektrisch-benzine/1232+13838/#f:10882|offeredSince:Altijd|constructionYearFrom:2019|constructionYearTo:2019|mileageTo:70001|sortBy:PRICE|sortOrder:INCREASING,FR,https://www.leboncoin.fr/recherche?category=2&mileage=min-70000&regdate=2019-2019&u_car_brand=TOYOTA&u_car_model=TOYOTA_Yaris&fuel=6&sort=price&order=asc,
MS_TOYOTA_YARIS_2020_FR_NL,TOYOTA,YARIS,2020,70000,NL,https://www.marktplaats.nl/l/auto-s/toyota/f/yaris+hybride-elektrisch-benzine/1232+13838/#f:10882|offeredSince:Altijd|mileageTo:70001|constructionYearFrom:2020|constructionYearTo:2020|sortBy:PRICE|sortOrder:INCREASING,FR,https://www.leboncoin.fr/recherche?category=2&mileage=min-70000&regdate=2020-2020&u_car_brand=TOYOTA&u_car_model=TOYOTA_Yaris&fuel=6&sort=price&order=asc,
MS_TOYOTA_YARIS_2021_FR_NL,TOYOTA,YARIS,2021,70000,NL,https://www.marktplaats.nl/l/auto-s/toyota/f/yaris+hybride-elektrisch-benzine/1232+13838/#f:10882|offeredSince:Altijd|mileageTo:70001|constructionYearFrom:2021|constructionYearTo:2021|sortBy:PRICE|sortOrder:INCREASING,FR,https://www.leboncoin.fr/recherche?category=2&mileage=min-70000&regdate=2021-2021&u_car_brand=TOYOTA&u_car_model=TOYOTA_Yaris&fuel=6&sort=price&order=asc,
MS_TOYOTA_YARIS_2022_FR_NL,TOYOTA,YARIS,2022,70000,NL,https://www.marktplaats.nl/l/auto-s/toyota/f/yaris+hybride-elektrisch-benzine/1232+13838/#f:10882|offeredSince:Altijd|mileageTo:70001|constructionYearFrom:2022|constructionYearTo:2022|sortBy:PRICE|sortOrder:INCREASING,FR,https://www.leboncoin.fr/recherche?category=2&mileage=min-70000&regdate=2022-2022&u_car_brand=TOYOTA&u_car_model=TOYOTA_Yaris&fuel=6&sort=price&order=asc,
MS_TOYOTA_YARIS_2023_FR_NL,TOYOTA,YARIS,2023,70000,NL,https://www.marktplaats.nl/l/auto-s/toyota/f/yaris+hybride-elektrisch-benzine/1232+13838/#f:10882|offeredSince:Altijd|mileageTo:70001|constructionYearFrom:2023|constructionYearTo:2023|sortBy:PRICE|sortOrder:INCREASING,FR,https://www.leboncoin.fr/recherche?category=2&mileage=min-70000&regdate=2023-2023&u_car_brand=TOYOTA&u_car_model=TOYOTA_Yaris&fuel=6&sort=price&order=asc,
MS_TOYOTA_YARIS_2024_FR_NL,TOYOTA,YARIS,2024,70000,NL,https://www.marktplaats.nl/l/auto-s/toyota/f/yaris+hybride-elektrisch-benzine/1232+13838/#f:10882|offeredSince:Altijd|mileageTo:70001|constructionYearFrom:2024|constructionYearTo:2024|sortBy:PRICE|sortOrder:INCREASING,FR,https://www.leboncoin.fr/recherche?category=2&mileage=min-70000&regdate=2024-2024&u_car_brand=TOYOTA&u_car_model=TOYOTA_Yaris&fuel=6&sort=price&order=asc,
MS_TOYOTA_YARIS_2025_FR_NL,TOYOTA,YARIS,2025,70000,NL,https://www.marktplaats.nl/l/auto-s/toyota/f/yaris+hybride-elektrisch-benzine/1232+13838/#f:10882|offeredSince:Altijd|mileageTo:70001|constructionYearFrom:2025|constructionYearTo:2025|sortBy:PRICE|sortOrder:INCREASING,FR,https://www.leboncoin.fr/recherche?category=2&mileage=min-70000&regdate=2024-2024&u_car_brand=TOYOTA&u_car_model=TOYOTA_Yaris&fuel=6&sort=price&order=asc,
MS_KIA_CEED_2021_FR_NL,KIA,CEED,2021,70000,NL,https://www.marktplaats.nl/l/auto-s/kia/f/pro-cee-d+plug-in-hybride/883+13956/#f:10882|offeredSince:Altijd|mileageTo:70001|constructionYearFrom:2021|constructionYearTo:2021|sortBy:PRICE|sortOrder:INCREASING,FR,"https://www.leboncoin.fr/recherche?category=2&regdate=2021-2021&mileage=min-70000&u_car_brand=KIA&u_car_model=KIA_Q8,KIA_X5,KIA_Puma,KIA_HR-V,KIA_Tucson,KIA_Renegade,KIA_Ceed&fuel=8&owner_type=all&sort=price&order=asc",
MS_KIA_CEED_2022_FR_NL,KIA,CEED,2022,70000,NL,https://www.marktplaats.nl/l/auto-s/kia/f/pro-cee-d+plug-in-hybride/883+13956/#f:10882|offeredSince:Altijd|constructionYearFrom:2022|constructionYearTo:2022|mileageTo:70001|sortBy:PRICE|sortOrder:INCREASING,FR,"https://www.leboncoin.fr/recherche?category=2&regdate=2022-2022&mileage=min-70000&u_car_brand=KIA&u_car_model=KIA_Q8,KIA_X5,KIA_Puma,KIA_HR-V,KIA_Tucson,KIA_Renegade,KIA_Ceed&fuel=8&owner_type=all&sort=price&order=asc",
MS_KIA_CEED_2023_FR_NL,KIA,CEED,2023,70000,NL,https://www.marktplaats.nl/l/auto-s/kia/f/pro-cee-d+plug-in-hybride/883+13956/#f:10882|offeredSince:Altijd|mileageTo:70001|constructionYearFrom:2023|constructionYearTo:2023|sortBy:PRICE|sortOrder:INCREASING,FR,"https://www.leboncoin.fr/recherche?category=2&regdate=2023-2023&mileage=min-70000&u_car_brand=KIA&u_car_model=KIA_Q8,KIA_X5,KIA_Puma,KIA_HR-V,KIA_Tucson,KIA_Renegade,KIA_Ceed&fuel=8&owner_type=all&sort=price&order=asc",
MS_KIA_CEED_2024_FR_NL,KIA,CEED,2024,70000,NL,https://www.marktplaats.nl/l/auto-s/kia/f/pro-cee-d+plug-in-hybride/883+13956/#f:10882|offeredSince:Altijd|mileageTo:70001|constructionYearFrom:2024|constructionYearTo:2024|sortBy:PRICE|sortOrder:INCREASING,FR,"https://www.leboncoin.fr/recherche?category=2&regdate=2023-2024&mileage=min-70000&u_car_brand=KIA&u_car_model=KIA_Q8,KIA_X5,KIA_Puma,KIA_HR-V,KIA_Tucson,KIA_Renegade,KIA_Ceed&fuel=8&owner_type=all&sort=price&order=asc",
MS_KIA_CEED_2025_FR_NL,KIA,CEED,2025,70000,NL,https://www.marktplaats.nl/l/auto-s/kia/f/pro-cee-d+plug-in-hybride/883+13956/#f:10882|offeredSince:Altijd|mileageTo:70001|constructionYearFrom:2025|constructionYearTo:2025|sortBy:PRICE|sortOrder:INCREASING,FR,"https://www.leboncoin.fr/recherche?category=2&regdate=2024-2025&mileage=min-70000&u_car_brand=KIA&u_car_model=KIA_Q8,KIA_X5,KIA_Puma,KIA_HR-V,KIA_Tucson,KIA_Renegade,KIA_Ceed&fuel=8&owner_type=all&sort=price&order=asc",
MS_KIA_E-NIRO_2019_FR_NL,KIA,E-NIRO,2019,70000,NL,https://www.marktplaats.nl/l/auto-s/f/elektrisch/11756/#q:kia+niro|f:10882|offeredSince:Altijd|mileageTo:70001|constructionYearFrom:2019|constructionYearTo:2019|sortBy:PRICE|sortOrder:INCREASING,FR,https://www.leboncoin.fr/recherche?category=2&regdate=2019-2019&mileage=min-70000&u_car_brand=KIA&u_car_model=KIA_Niro&fuel=4&owner_type=all&sort=price&order=asc,
MS_KIA_E-NIRO_2020_FR_NL,KIA,E-NIRO,2020,70000,NL,https://www.marktplaats.nl/l/auto-s/f/elektrisch/11756/#q:kia+niro|f:10882|offeredSince:Altijd|mileageTo:70001|constructionYearFrom:2020|constructionYearTo:2020|sortBy:PRICE|sortOrder:INCREASING,FR,https://www.leboncoin.fr/recherche?category=2&regdate=2020-2020&mileage=min-70000&u_car_brand=KIA&u_car_model=KIA_Niro&fuel=4&owner_type=all&sort=price&order=asc,
MS_KIA_E-NIRO_2021_FR_NL,KIA,E-NIRO,2021,70000,NL,https://www.marktplaats.nl/l/auto-s/f/elektrisch/11756/#q:kia+niro|f:10882|offeredSince:Altijd|mileageTo:70001|constructionYearFrom:2021|constructionYearTo:2021|sortBy:PRICE|sortOrder:INCREASING,FR,https://www.leboncoin.fr/recherche?category=2&regdate=2021-2021&mileage=min-70000&u_car_brand=KIA&u_car_model=KIA_Niro&fuel=4&owner_type=all&sort=price&order=asc,
MS_KIA_E-NIRO_2022_FR_NL,KIA,E-NIRO,2022,70000,NL,https://www.marktplaats.nl/l/auto-s/f/elektrisch/11756/#q:kia+niro|f:10882|offeredSince:Altijd|mileageTo:70001|constructionYearFrom:2022|constructionYearTo:2022|sortBy:PRICE|sortOrder:INCREASING,FR,https://www.leboncoin.fr/recherche?category=2&regdate=2022-2022&mileage=min-70000&u_car_brand=KIA&u_car_model=KIA_Niro&fuel=4&owner_type=all&sort=price&order=asc,
MS_KIA_E-NIRO_2023_FR_NL,KIA,E-NIRO,2023,70000,NL,https://www.marktplaats.nl/l/auto-s/f/elektrisch/11756/#q:kia+niro|f:10882|offeredSince:Altijd|mileageTo:70001|constructionYearFrom:2023|constructionYearTo:2023|sortBy:PRICE|sortOrder:INCREASING,FR,https://www.leboncoin.fr/recherche?category=2&regdate=2023-2023&mileage=min-70000&u_car_brand=KIA&u_car_model=KIA_Niro&fuel=4&owner_type=all&sort=price&order=asc,
MS_KIA_E-NIRO_2024_FR_NL,KIA,E-NIRO,2024,70000,NL,https://www.marktplaats.nl/l/auto-s/f/elektrisch/11756/#q:kia+niro|f:10882|offeredSince:Altijd|mileageTo:70001|constructionYearFrom:2024|constructionYearTo:2024|sortBy:PRICE|sortOrder:INCREASING,FR,https://www.leboncoin.fr/recherche?category=2&regdate=2024-2024&mileage=min-70000&u_car_brand=KIA&u_car_model=KIA_Niro&fuel=4&owner_type=all&sort=price&order=asc,
MS_KIA_E-NIRO_2025_FR_NL,KIA,E-NIRO,2025,70000,NL,https://www.marktplaats.nl/l/auto-s/f/elektrisch/11756/#q:kia+niro|f:10882|offeredSince:Altijd|mileageTo:70001|constructionYearFrom:2025|constructionYearTo:2025|sortBy:PRICE|sortOrder:INCREASING,FR,https://www.leboncoin.fr/recherche?category=2&regdate=2025-2025&mileage=min-70000&u_car_brand=KIA&u_car_model=KIA_Niro&fuel=4&owner_type=all&sort=price&order=asc,
MS_KIA_E-NIRO_2019_FR_DK,KIA,E-NIRO,2019,70000,DK,https://www.bilbasen.dk/brugt/bil/kia/e-niro?fuel=3&includeengroscvr=true&includeleasing=false&mileageto=70000&regfrom=2019-01&regto=2019-12,FR,https://www.leboncoin.fr/recherche?category=2&regdate=2019-2019&mileage=min-70000&u_car_brand=KIA&u_car_model=KIA_Niro&fuel=4&owner_type=all&sort=price&order=asc,
MS_KIA_E-NIRO_2020_FR_DK,KIA,E-NIRO,2020,70000,DK,https://www.bilbasen.dk/brugt/bil/kia/e-niro?fuel=3&includeengroscvr=true&includeleasing=false&mileageto=70000&regfrom=2020-01&regto=2020-12,FR,https://www.leboncoin.fr/recherche?category=2&regdate=2020-2020&mileage=min-70000&u_car_brand=KIA&u_car_model=KIA_Niro&fuel=4&owner_type=all&sort=price&order=asc,
MS_KIA_E-NIRO_2021_FR_DK,KIA,E-NIRO,2021,70000,DK,https://www.bilbasen.dk/brugt/bil/kia/e-niro?fuel=3&includeengroscvr=true&includeleasing=false&mileageto=70000&regfrom=2021-01&regto=2021-12,FR,https://www.leboncoin.fr/recherche?category=2&regdate=2021-2021&mileage=min-70000&u_car_brand=KIA&u_car_model=KIA_Niro&fuel=4&owner_type=all&sort=price&order=asc,
MS_KIA_E-NIRO_2022_FR_DK,KIA,E-NIRO,2022,70000,DK,https://www.bilbasen.dk/brugt/bil/kia/e-niro?fuel=3&includeengroscvr=true&includeleasing=false&mileageto=70000&regfrom=2022-01&regto=2022-12,FR,https://www.leboncoin.fr/recherche?category=2&regdate=2022-2022&mileage=min-70000&u_car_brand=KIA&u_car_model=KIA_Niro&fuel=4&owner_type=all&sort=price&order=asc,
MS_KIA_E-NIRO_2023_FR_DK,KIA,E-NIRO,2023,70000,DK,https://www.bilbasen.dk/brugt/bil/kia/e-niro?fuel=3&includeengroscvr=true&includeleasing=false&mileageto=70000&regfrom=2023-01&regto=2023-12,FR,https://www.leboncoin.fr/recherche?category=2&regdate=2023-2023&mileage=min-70000&u_car_brand=KIA&u_car_model=KIA_Niro&fuel=4&owner_type=all&sort=price&order=asc,
MS_KIA_E-NIRO_2024_FR_DK,KIA,E-NIRO,2024,70000,DK,https://www.bilbasen.dk/brugt/bil/kia/e-niro?fuel=3&includeengroscvr=true&includeleasing=false&mileageto=70000&regfrom=2024-01&regto=2024-12,FR,https://www.leboncoin.fr/recherche?category=2&regdate=2024-2024&mileage=min-70000&u_car_brand=KIA&u_car_model=KIA_Niro&fuel=4&owner_type=all&sort=price&order=asc,
MS_KIA_E-NIRO_2025_FR_DK,KIA,E-NIRO,2025,70000,DK,https://www.bilbasen.dk/brugt/bil/kia/e-niro?fuel=3&includeengroscvr=true&includeleasing=false&mileageto=70000&regfrom=2025-01&regto=2025-12,FR,https://www.leboncoin.fr/recherche?category=2&regdate=2025-2025&mileage=min-70000&u_car_brand=KIA&u_car_model=KIA_Niro&fuel=4&owner_type=all&sort=price&order=asc,
MS_KIA_NIRO_2018_FR_NL,KIA,NIRO,2018,70000,NL,https://www.marktplaats.nl/l/auto-s/kia/f/niro+hybride-elektrisch-benzine/11678+13838/#f:10882|offeredSince:Altijd|mileageTo:70001|constructionYearFrom:2018|constructionYearTo:2018|engineHorsepowerFrom:140|sortBy:PRICE|sortOrder:INCREASING,FR,https://www.leboncoin.fr/recherche?category=2&regdate=2018-2018&mileage=min-70000&horse_power_din=140-max&u_car_brand=KIA&u_car_model=KIA_Niro&fuel=6&owner_type=all&sort=price&order=asc,
MS_KIA_NIRO_2019_FR_NL,KIA,NIRO,2019,70000,NL,https://www.marktplaats.nl/l/auto-s/kia/f/niro+hybride-elektrisch-benzine/11678+13838/#f:10882|offeredSince:Altijd|mileageTo:70001|engineHorsepowerFrom:140|constructionYearFrom:2019|constructionYearTo:2019|sortBy:PRICE|sortOrder:INCREASING,FR,https://www.leboncoin.fr/recherche?category=2&regdate=2019-2019&mileage=min-70000&horse_power_din=141-max&u_car_brand=KIA&u_car_model=KIA_Niro&fuel=6&owner_type=all&sort=price&order=asc,
MS_KIA_NIRO_2020_FR_NL,KIA,NIRO,2020,70000,NL,https://www.marktplaats.nl/l/auto-s/kia/f/niro+hybride-elektrisch-benzine/11678+13838/#f:10882|offeredSince:Altijd|mileageTo:70001|engineHorsepowerFrom:140|constructionYearFrom:2020|constructionYearTo:2020|sortBy:PRICE|sortOrder:INCREASING,FR,https://www.leboncoin.fr/recherche?category=2&regdate=2020-2020&mileage=min-70000&horse_power_din=141-max&u_car_brand=KIA&u_car_model=KIA_Niro&fuel=6&owner_type=all&sort=price&order=asc,
MS_KIA_NIRO_2021_FR_NL,KIA,NIRO,2021,70000,NL,https://www.marktplaats.nl/l/auto-s/kia/f/niro+hybride-elektrisch-benzine/11678+13838/#f:10882|offeredSince:Altijd|mileageTo:70001|constructionYearFrom:2021|constructionYearTo:2021|engineHorsepowerFrom:140|sortBy:PRICE|sortOrder:INCREASING,FR,https://www.leboncoin.fr/recherche?category=2&regdate=2021-2021&mileage=min-70000&horse_power_din=141-max&u_car_brand=KIA&u_car_model=KIA_Niro&fuel=6&owner_type=all&sort=price&order=asc,
MS_KIA_NIRO_PHEV_2022_FR_NL,KIA,NIRO,2022,70000,NL,"https://www.marktplaats.nl/l/auto-s/kia/f/niro+hybride-elektrisch-benzine/11678+13838/#f:10882,13956|offeredSince:Altijd|mileageTo:70001|constructionYearFrom:2022|constructionYearTo:2022|sortBy:PRICE|sortOrder:INCREASING",FR,https://www.leboncoin.fr/recherche?category=2&regdate=2022-2022&mileage=min-70000&u_car_brand=KIA&u_car_model=KIA_Niro&fuel=8&owner_type=all&sort=price&order=asc,
MS_KIA_NIRO_2023_FR_NL,KIA,NIRO,2023,70000,NL,https://www.marktplaats.nl/l/auto-s/kia/f/niro+hybride-elektrisch-benzine/11678+13838/#f:10882|offeredSince:Altijd|mileageTo:70001|engineHorsepowerFrom:140|constructionYearFrom:2023|constructionYearTo:2023|sortBy:PRICE|sortOrder:INCREASING,FR,https://www.leboncoin.fr/recherche?category=2&regdate=2023-2023&mileage=min-70000&horse_power_din=141-max&u_car_brand=KIA&u_car_model=KIA_Niro&fuel=6&owner_type=all&sort=price&order=asc,
MS_KIA_NIRO_2024_FR_NL,KIA,NIRO,2024,70000,NL,https://www.marktplaats.nl/l/auto-s/kia/f/niro+hybride-elektrisch-benzine/11678+13838/#f:10882|offeredSince:Altijd|mileageTo:70001|engineHorsepowerFrom:140|constructionYearFrom:2024|constructionYearTo:2024|sortBy:PRICE|sortOrder:INCREASING,FR,https://www.leboncoin.fr/recherche?category=2&regdate=2024-2024&mileage=min-70000&horse_power_din=141-max&u_car_brand=KIA&u_car_model=KIA_Niro&fuel=6&owner_type=all&sort=price&order=asc,
MS_KIA_NIRO_2025_FR_NL,KIA,NIRO,2025,70000,NL,https://www.marktplaats.nl/l/auto-s/kia/f/niro+hybride-elektrisch-benzine/11678+13838/#f:10882|offeredSince:Altijd|mileageTo:70001|engineHorsepowerFrom:140|constructionYearFrom:2025|constructionYearTo:2025|sortBy:PRICE|sortOrder:INCREASING,FR,https://www.leboncoin.fr/recherche?category=2&regdate=2025-2025&mileage=min-70000&horse_power_din=141-max&u_car_brand=KIA&u_car_model=KIA_Niro&fuel=6&owner_type=all&sort=price&order=asc,
MS_KIA_SPORTAGE_2021_FR_NL,KIA,SPORTAGE,2021,70000,NL,https://www.marktplaats.nl/l/auto-s/kia/f/sportage/892/#mileageTo:40001%7CconstructionYearFrom:2021%7CconstructionYearTo:2021%7CsortBy:PRICE%7CsortOrder:INCREASING,FR,https://www.leboncoin.fr/recherche?category=2&u_car_brand=KIA&u_car_model=KIA_Q8%2CKIA_X5%2CKIA_Puma%2CKIA_HR-V%2CKIA_Tucson%2CKIA_Renegade%2CKIA_Sportage&regdate=2021-2021&mileage=min-70000&fuel=6&owner_type=all&sort=price&order=asc,
MS_KIA_SPORTAGE_2022_FR_NL,KIA,SPORTAGE,2022,70000,NL,"https://www.marktplaats.nl/l/auto-s/kia/f/sportage+hybride-elektrisch-benzine/892+13838/#f:10882,13955,13956%7CofferedSince:Altijd%7CmileageTo:70001%7CconstructionYearFrom:2022%7CconstructionYearTo:2022%7CsortBy:PRICE%7CsortOrder:INCREASING",FR,"https://www.leboncoin.fr/recherche?category=2&regdate=2022-2022&mileage=min-70000&u_car_brand=KIA&u_car_model=KIA_Q8,KIA_X5,KIA_Puma,KIA_HR-V,KIA_Tucson,KIA_Renegade,KIA_Sportage&fuel=8&owner_type=all&sort=price&order=asc",
MS_KIA_SPORTAGE_2023_FR_NL,KIA,SPORTAGE,2023,70000,NL,"https://www.marktplaats.nl/l/auto-s/kia/f/sportage+hybride-elektrisch-benzine/892+13838/#f:10882,13955,13956%7CofferedSince:Altijd%7CmileageTo:70001%7CconstructionYearFrom:2023%7CconstructionYearTo:2023%7CsortBy:PRICE%7CsortOrder:INCREASING",FR,"https://www.leboncoin.fr/recherche?category=2&regdate=2023-2023&mileage=min-70000&u_car_brand=KIA&u_car_model=KIA_Q8,KIA_X5,KIA_Puma,KIA_HR-V,KIA_Tucson,KIA_Renegade,KIA_Sportage&fuel=8&owner_type=all&sort=price&order=asc",
MS_KIA_SPORTAGE_2024_FR_NL,KIA,SPORTAGE,2024,70000,NL,"https://www.marktplaats.nl/l/auto-s/kia/f/sportage+hybride-elektrisch-benzine/892+13838/#f:10882,13955,13956|offeredSince:Altijd|mileageTo:70001|constructionYearFrom:2024|constructionYearTo:2024|sortBy:PRICE|sortOrder:INCREASING",FR,"https://www.leboncoin.fr/recherche?category=2&regdate=2024-2024&mileage=min-70000&horse_power_din=260-max&u_car_brand=KIA&u_car_model=KIA_Q8,KIA_X5,KIA_Puma,KIA_HR-V,KIA_Tucson,KIA_Renegade,KIA_Sportage&fuel=8,6&owner_type=all&sort=price&order=asc",
MS_KIA_SPORTAGE_2025_FR_NL,KIA,SPORTAGE,2025,70000,NL,"https://www.marktplaats.nl/l/auto-s/kia/f/sportage+hybride-elektrisch-benzine/892+13838/#f:10882,13956|offeredSince:Altijd|mileageTo:70001|constructionYearFrom:2025|constructionYearTo:2025|engineHorsepowerFrom:225|sortBy:PRICE|sortOrder:INCREASING",FR,"https://www.leboncoin.fr/recherche?category=2&regdate=2025-2025&mileage=min-70000&horse_power_din=260-max&u_car_brand=KIA&u_car_model=KIA_Q8,KIA_X5,KIA_Puma,KIA_HR-V,KIA_Tucson,KIA_Renegade,KIA_Sportage&fuel=8&owner_type=all&sort=price&order=asc",
MS_LEXUS_NX_2022_FR_NL,LEXUS,NX,2022,70000,NL,"https://www.marktplaats.nl/l/auto-s/lexus/f/nx+hybride-elektrisch-benzine/11589+13838/#f:10882,13955,13956|offeredSince:Altijd|mileageTo:70001|constructionYearFrom:2022|constructionYearTo:2022|sortBy:PRICE|sortOrder:INCREASING",FR,https://www.leboncoin.fr/recherche?category=2&mileage=min-70000&regdate=2022-2022&horse_power_din=300-max&u_car_brand=LEXUS&u_car_model=LEXUS_NX&sort=price&order=asc,
MS_LEXUS_NX_2023_FR_NL,LEXUS,NX,2023,70000,NL,"https://www.marktplaats.nl/l/auto-s/lexus/f/nx+hybride-elektrisch-benzine/11589+13838/#f:10882,13955,13956|offeredSince:Altijd|mileageTo:70001|constructionYearFrom:2023|constructionYearTo:2023|sortBy:PRICE|sortOrder:INCREASING",FR,https://www.leboncoin.fr/recherche?category=2&mileage=min-70000&regdate=2023-2023&horse_power_din=300-max&u_car_brand=LEXUS&u_car_model=LEXUS_NX&sort=price&order=asc,
MS_LEXUS_NX_2024_FR_NL,LEXUS,NX,2024,70000,NL,"https://www.marktplaats.nl/l/auto-s/lexus/f/nx+hybride-elektrisch-benzine/11589+13838/#f:10882,13955,13956|offeredSince:Altijd|mileageTo:70001|constructionYearFrom:2024|constructionYearTo:2024|sortBy:PRICE|sortOrder:INCREASING",FR,https://www.leboncoin.fr/recherche?category=2&mileage=min-70000&regdate=2024-2024&horse_power_din=300-max&u_car_brand=LEXUS&u_car_model=LEXUS_NX&sort=price&order=asc,
MS_LEXUS_NX_2025_FR_NL,LEXUS,NX,2025,70000,NL,"https://www.marktplaats.nl/l/auto-s/lexus/f/nx+hybride-elektrisch-benzine/11589+13838/#f:10882,13955,13956|offeredSince:Altijd|mileageTo:70001|constructionYearFrom:2025|constructionYearTo:2025|sortBy:PRICE|sortOrder:INCREASING",FR,https://www.leboncoin.fr/recherche?category=2&mileage=min-70000&regdate=2025-2025&horse_power_din=300-max&u_car_brand=LEXUS&u_car_model=LEXUS_NX&sort=price&order=asc,
MS_LEXUS_RX_2022_FR_NL,LEXUS,RX,2022,70000,NL,"https://www.marktplaats.nl/l/auto-s/lexus/f/rx-h+hybride-elektrisch-benzine/929+13838/#f:10882,13955,13956|offeredSince:Altijd|mileageTo:70001|constructionYearFrom:2022|constructionYearTo:2022|sortBy:PRICE|sortOrder:INCREASING",FR,https://www.leboncoin.fr/recherche?category=2&regdate=2023-2023&mileage=min-70000&horse_power_din=300-max&u_car_brand=LEXUS&u_car_model=LEXUS_RX&sort=price&order=asc,
MS_LEXUS_RX_2023_FR_NL,LEXUS,RX,2023,70000,NL,"https://www.marktplaats.nl/l/auto-s/lexus/f/rx-h+hybride-elektrisch-benzine/929+13838/#f:10882,13955,13956|offeredSince:Altijd|mileageTo:70001|constructionYearFrom:2023|constructionYearTo:2023|sortBy:PRICE|sortOrder:INCREASING",FR,https://www.leboncoin.fr/recherche?category=2&regdate=2023-2023&mileage=min-70000&horse_power_din=300-max&u_car_brand=LEXUS&u_car_model=LEXUS_RX&sort=price&order=asc,
MS_LEXUS_RX_2024_FR_NL,LEXUS,RX,2024,70000,NL,"https://www.marktplaats.nl/l/auto-s/lexus/f/rx-h+hybride-elektrisch-benzine/929+13838/#f:10882,13955,13956|offeredSince:Altijd|mileageTo:70001|constructionYearFrom:2024|constructionYearTo:2024|sortBy:PRICE|sortOrder:INCREASING",FR,https://www.leboncoin.fr/recherche?category=2&regdate=2024-2024&mileage=min-70000&horse_power_din=300-max&u_car_brand=LEXUS&u_car_model=LEXUS_RX&sort=price&order=asc,
MS_LEXUS_RX_2025_FR_NL,LEXUS,RX,2025,70000,NL,"https://www.marktplaats.nl/l/auto-s/lexus/f/rx-h+hybride-elektrisch-benzine/929+13838/#f:10882,13955,13956|offeredSince:Altijd|mileageTo:70001|constructionYearFrom:2025|constructionYearTo:2025|sortBy:PRICE|sortOrder:INCREASING",FR,https://www.leboncoin.fr/recherche?category=2&regdate=2025-2025&mileage=min-70000&horse_power_din=300-max&u_car_brand=LEXUS&u_car_model=LEXUS_RX&sort=price&order=asc,
MS_VOLKSWAGEN_TIGUAN_2021_FR_NL,VOLKSWAGEN,TIGUAN,2021,70000,NL,https://www.marktplaats.nl/l/auto-s/f/hybride-elektrisch-benzine/13838/#q:volkswagen+tiguan|f:10882|offeredSince:Altijd|mileageTo:70001|constructionYearFrom:2021|constructionYearTo:2021|engineHorsepowerFrom:225|sortBy:PRICE|sortOrder:INCREASING,FR,"https://www.leboncoin.fr/recherche?category=2&regdate=2021-2021&mileage=min-70000&horse_power_din=240-max&u_car_brand=VOLKSWAGEN&u_car_model=VOLKSWAGEN_Tiguan&fuel=8,6&owner_type=all&sort=price&order=asc",
MS_VOLKSWAGEN_TIGUAN_2022_FR_NL,VOLKSWAGEN,TIGUAN,2022,70000,NL,https://www.marktplaats.nl/l/auto-s/f/hybride-elektrisch-benzine/13838/#q:volkswagen+tiguan|f:10882|offeredSince:Altijd|mileageTo:70001|engineHorsepowerFrom:225|constructionYearFrom:2022|constructionYearTo:2022|sortBy:PRICE|sortOrder:INCREASING,FR,"https://www.leboncoin.fr/recherche?category=2&regdate=2022-2022&mileage=min-70000&horse_power_din=240-max&u_car_brand=VOLKSWAGEN&u_car_model=VOLKSWAGEN_Tiguan&fuel=8,6&owner_type=all&sort=price&order=asc",
MS_VOLKSWAGEN_TIGUAN_2023_FR_NL,VOLKSWAGEN,TIGUAN,2023,70000,NL,https://www.marktplaats.nl/l/auto-s/f/hybride-elektrisch-benzine/13838/#q:volkswagen+tiguan|f:10882|offeredSince:Altijd|mileageTo:70001|engineHorsepowerFrom:225|constructionYearFrom:2023|constructionYearTo:2023|sortBy:PRICE|sortOrder:INCREASING,FR,"https://www.leboncoin.fr/recherche?category=2&regdate=2023-2023&mileage=min-70000&horse_power_din=240-max&u_car_brand=VOLKSWAGEN&u_car_model=VOLKSWAGEN_Tiguan&fuel=8,6&owner_type=all&sort=price&order=asc",
MS_VOLKSWAGEN_TIGUAN_2024_FR_NL,VOLKSWAGEN,TIGUAN,2024,70000,NL,https://www.marktplaats.nl/l/auto-s/f/hybride-elektrisch-benzine/13838/#q:volkswagen+tiguan|f:10882|offeredSince:Altijd|mileageTo:70001|engineHorsepowerFrom:225|constructionYearFrom:2024|constructionYearTo:2024|sortBy:PRICE|sortOrder:INCREASING,FR,"https://www.leboncoin.fr/recherche?category=2&regdate=2024-2024&mileage=min-70000&horse_power_din=240-max&u_car_brand=VOLKSWAGEN&u_car_model=VOLKSWAGEN_Tiguan&fuel=8,6&owner_type=all&sort=price&order=asc",
MS_VOLKSWAGEN_TIGUAN_2025_FR_NL,VOLKSWAGEN,TIGUAN,2025,70000,NL,https://www.marktplaats.nl/l/auto-s/f/hybride-elektrisch-benzine/13838/#q:volkswagen+tiguan|f:10882|offeredSince:Altijd|mileageTo:70001|engineHorsepowerFrom:225|constructionYearFrom:2025|constructionYearTo:2025|sortBy:PRICE|sortOrder:INCREASING,FR,"https://www.leboncoin.fr/recherche?category=2&regdate=2025-2025&mileage=min-70000&horse_power_din=240-max&u_car_brand=VOLKSWAGEN&u_car_model=VOLKSWAGEN_Tiguan&fuel=8,6&owner_type=all&sort=price&order=asc",
MS_KIA_PICANTO_2017_FR_NL,KIA,PICANTO,2017,70000,NL,https://www.marktplaats.nl/l/auto-s/f/automaat/534/#q:kia+picanto|f:10882|offeredSince:Altijd|constructionYearFrom:2017|constructionYearTo:2017|mileageTo:70001|sortBy:PRICE|sortOrder:INCREASING,FR,"https://www.leboncoin.fr/recherche?category=2&regdate=2017-2017&mileage=min-70000&u_car_brand=KIA&u_car_model=KIA_Q8,KIA_X5,KIA_Puma,KIA_HR-V,KIA_Tucson,KIA_Renegade,KIA_Picanto&fuel=1&gearbox=2&owner_type=all&sort=price&order=asc",
MS_KIA_PICANTO_2018_FR_NL,KIA,PICANTO,2018,70000,NL,https://www.marktplaats.nl/l/auto-s/f/automaat/534/#q:kia+picanto|f:10882|offeredSince:Altijd|mileageTo:70001|constructionYearFrom:2018|constructionYearTo:2018|sortBy:PRICE|sortOrder:INCREASING,FR,"https://www.leboncoin.fr/recherche?category=2&regdate=2018-2018&mileage=min-70000&u_car_brand=KIA&u_car_model=KIA_Q8,KIA_X5,KIA_Puma,KIA_HR-V,KIA_Tucson,KIA_Renegade,KIA_Picanto&fuel=1&gearbox=2&owner_type=all&sort=price&order=asc",
MS_KIA_PICANTO_2019_FR_NL,KIA,PICANTO,2019,70000,NL,https://www.marktplaats.nl/l/auto-s/f/automaat/534/#q:kia+picanto|f:10882|offeredSince:Altijd|mileageTo:70001|constructionYearFrom:2019|constructionYearTo:2019|sortBy:PRICE|sortOrder:INCREASING,FR,"https://www.leboncoin.fr/recherche?category=2&regdate=2019-2019&mileage=min-70000&u_car_brand=KIA&u_car_model=KIA_Q8,KIA_X5,KIA_Puma,KIA_HR-V,KIA_Tucson,KIA_Renegade,KIA_Picanto&fuel=1&gearbox=2&owner_type=all&sort=price&order=asc",
MS_KIA_PICANTO_2020_FR_NL,KIA,PICANTO,2020,70000,NL,https://www.marktplaats.nl/l/auto-s/f/automaat/534/#q:kia+picanto|f:10882|offeredSince:Altijd|mileageTo:70001|constructionYearFrom:2020|constructionYearTo:2020|sortBy:PRICE|sortOrder:INCREASING,FR,"https://www.leboncoin.fr/recherche?category=2&regdate=2019-2020&mileage=min-70000&u_car_brand=KIA&u_car_model=KIA_Q8,KIA_X5,KIA_Puma,KIA_HR-V,KIA_Tucson,KIA_Renegade,KIA_Picanto&fuel=1&gearbox=2&owner_type=all&sort=price&order=asc",
MS_KIA_PICANTO_2021_FR_NL,KIA,PICANTO,2021,70000,NL,https://www.marktplaats.nl/l/auto-s/f/automaat/534/#q:kia+picanto|f:10882|offeredSince:Altijd|mileageTo:70001|constructionYearFrom:2021|constructionYearTo:2021|sortBy:PRICE|sortOrder:INCREASING,FR,"https://www.leboncoin.fr/recherche?category=2&regdate=2021-2021&mileage=min-70000&u_car_brand=KIA&u_car_model=KIA_Q8,KIA_X5,KIA_Puma,KIA_HR-V,KIA_Tucson,KIA_Renegade,KIA_Picanto&fuel=1&gearbox=2&owner_type=all&sort=price&order=asc",
MS_KIA_PICANTO_2022_FR_NL,KIA,PICANTO,2022,70000,NL,https://www.marktplaats.nl/l/auto-s/f/automaat/534/#q:kia+picanto|f:10882|offeredSince:Altijd|mileageTo:70001|constructionYearFrom:2022|constructionYearTo:2022|sortBy:PRICE|sortOrder:INCREASING,FR,"https://www.leboncoin.fr/recherche?category=2&regdate=2022-2022&mileage=min-70000&u_car_brand=KIA&u_car_model=KIA_Q8,KIA_X5,KIA_Puma,KIA_HR-V,KIA_Tucson,KIA_Renegade,KIA_Picanto&fuel=1&gearbox=2&owner_type=all&sort=price&order=asc",
MS_KIA_PICANTO_2023_FR_NL,KIA,PICANTO,2023,70000,NL,https://www.marktplaats.nl/l/auto-s/f/automaat/534/#q:kia+picanto|f:10882|offeredSince:Altijd|mileageTo:70001|constructionYearFrom:2023|constructionYearTo:2023|sortBy:PRICE|sortOrder:INCREASING,FR,"https://www.leboncoin.fr/recherche?category=2&regdate=2023-2023&mileage=min-70000&u_car_brand=KIA&u_car_model=KIA_Q8,KIA_X5,KIA_Puma,KIA_HR-V,KIA_Tucson,KIA_Renegade,KIA_Picanto&fuel=1&gearbox=2&owner_type=all&sort=price&order=asc",
MS_KIA_PICANTO_2024_FR_NL,KIA,PICANTO,2024,70000,NL,https://www.marktplaats.nl/l/auto-s/f/automaat/534/#q:kia+picanto|f:10882|offeredSince:Altijd|mileageTo:70001|constructionYearFrom:2024|constructionYearTo:2024|sortBy:PRICE|sortOrder:INCREASING,FR,"https://www.leboncoin.fr/recherche?category=2&regdate=2023-2024&mileage=min-70000&u_car_brand=KIA&u_car_model=KIA_Q8,KIA_X5,KIA_Puma,KIA_HR-V,KIA_Tucson,KIA_Renegade,KIA_Picanto&fuel=1&gearbox=2&owner_type=all&sort=price&order=asc",
MS_KIA_PICANTO_2025_FR_NL,KIA,PICANTO,2025,70000,NL,https://www.marktplaats.nl/l/auto-s/f/automaat/534/#q:kia+picanto|f:10882|offeredSince:Altijd|mileageTo:70001|constructionYearFrom:2025|constructionYearTo:2025|sortBy:PRICE|sortOrder:INCREASING,FR,"https://www.leboncoin.fr/recherche?category=2&regdate=2025-2025&mileage=min-70000&u_car_brand=KIA&u_car_model=KIA_Q8,KIA_X5,KIA_Puma,KIA_HR-V,KIA_Tucson,KIA_Renegade,KIA_Picanto&fuel=1&gearbox=2&owner_type=all&sort=price&order=asc",
MS_KIA_PROCEED_2019_FR_NL,KIA,PRO CEED,2019,70000,NL,https://www.marktplaats.nl/l/auto-s/#q:kia+ceed|f:10882|offeredSince:Altijd|constructionYearFrom:2019|constructionYearTo:2019|mileageTo:70001|sortBy:PRICE|sortOrder:INCREASING,FR,"https://www.leboncoin.fr/recherche?category=2&regdate=2019-2019&mileage=min-70000&u_car_brand=KIA&u_car_model=KIA_Q8,KIA_X5,KIA_Puma,KIA_HR-V,KIA_Tucson,KIA_Renegade,KIA_ProCeed&fuel=1&gearbox=2&owner_type=all&sort=price&order=asc",
MS_KIA_PROCEED_2020_FR_NL,KIA,PRO CEED,2020,70000,NL,https://www.marktplaats.nl/l/auto-s/f/hybride-elektrisch-benzine/13838/#q:kia+ceed|f:10882|offeredSince:Altijd|constructionYearFrom:2020|constructionYearTo:2020|mileageTo:70001|sortBy:PRICE|sortOrder:INCREASING,FR,"https://www.leboncoin.fr/recherche?category=2&regdate=2019-2020&mileage=min-70000&u_car_brand=KIA&u_car_model=KIA_Q8,KIA_X5,KIA_Puma,KIA_HR-V,KIA_Tucson,KIA_Renegade,KIA_ProCeed&fuel=1&gearbox=2&owner_type=all&sort=price&order=asc",
MS_KIA_PROCEED_2021_FR_NL,KIA,PRO CEED,2021,70000,NL,https://www.marktplaats.nl/l/auto-s/f/hybride-elektrisch-benzine/13838/#q:kia+ceed|f:10882|offeredSince:Altijd|mileageTo:70001|constructionYearFrom:2021|constructionYearTo:2021|sortBy:PRICE|sortOrder:INCREASING,FR,"https://www.leboncoin.fr/recherche?category=2&regdate=2021-2021&mileage=min-70000&u_car_brand=KIA&u_car_model=KIA_Q8,KIA_X5,KIA_Puma,KIA_HR-V,KIA_Tucson,KIA_Renegade,KIA_ProCeed&fuel=1&gearbox=2&owner_type=all&sort=price&order=asc",
MS_KIA_PROCEED_2022_FR_NL,KIA,PRO CEED,2022,70000,NL,https://www.marktplaats.nl/l/auto-s/f/hybride-elektrisch-benzine/13838/#q:kia+ceed|f:10882|offeredSince:Altijd|mileageTo:70001|constructionYearFrom:2022|constructionYearTo:2022|sortBy:PRICE|sortOrder:INCREASING,FR,"https://www.leboncoin.fr/recherche?category=2&regdate=2022-2022&mileage=min-70000&u_car_brand=KIA&u_car_model=KIA_Q8,KIA_X5,KIA_Puma,KIA_HR-V,KIA_Tucson,KIA_Renegade,KIA_ProCeed&fuel=1&gearbox=2&owner_type=all&sort=price&order=asc",
MS_KIA_PROCEED_2023_FR_NL,KIA,PRO CEED,2023,70000,NL,https://www.marktplaats.nl/l/auto-s/f/hybride-elektrisch-benzine/13838/#q:kia+ceed|f:10882|offeredSince:Altijd|mileageTo:70001|constructionYearFrom:2023|constructionYearTo:2023|sortBy:PRICE|sortOrder:INCREASING,FR,"https://www.leboncoin.fr/recherche?category=2&regdate=2023-2023&mileage=min-70000&u_car_brand=KIA&u_car_model=KIA_Q8,KIA_X5,KIA_Puma,KIA_HR-V,KIA_Tucson,KIA_Renegade,KIA_ProCeed&fuel=1&gearbox=2&owner_type=all&sort=price&order=asc",
MS_KIA_PROCEED_2024_FR_NL,KIA,PRO CEED,2024,70000,NL,https://www.marktplaats.nl/l/auto-s/f/hybride-elektrisch-benzine/13838/#q:kia+ceed|f:10882|offeredSince:Altijd|mileageTo:70001|constructionYearFrom:2024|constructionYearTo:2024|sortBy:PRICE|sortOrder:INCREASING,FR,"https://www.leboncoin.fr/recherche?category=2&regdate=2024-2024&mileage=min-70000&u_car_brand=KIA&u_car_model=KIA_Q8,KIA_X5,KIA_Puma,KIA_HR-V,KIA_Tucson,KIA_Renegade,KIA_ProCeed&fuel=1&gearbox=2&owner_type=all&sort=price&order=asc",
MS_KIA_PROCEED_2025_FR_NL,KIA,PRO CEED,2025,70000,NL,https://www.marktplaats.nl/l/auto-s/f/hybride-elektrisch-benzine/13838/#q:kia+ceed|f:10882|offeredSince:Altijd|mileageTo:70001|constructionYearFrom:2025|constructionYearTo:2025|sortBy:PRICE|sortOrder:INCREASING,FR,"https://www.leboncoin.fr/recherche?category=2&regdate=2025-2025&mileage=min-70000&u_car_brand=KIA&u_car_model=KIA_Q8,KIA_X5,KIA_Puma,KIA_HR-V,KIA_Tucson,KIA_Renegade,KIA_ProCeed&fuel=1&owner_type=all&sort=price&order=asc",
MS_KIA_RIO_2021_FR_NL,KIA,RIO,2021,70000,NL,"https://www.marktplaats.nl/l/auto-s/kia/f/rio+benzine/889+473/#f:10882,534|offeredSince:Altijd|mileageTo:70001|constructionYearFrom:2021|constructionYearTo:2021",FR,"https://www.leboncoin.fr/recherche?category=2&regdate=2021-2021&mileage=min-70000&u_car_brand=KIA&u_car_model=KIA_Q8,KIA_X5,KIA_Puma,KIA_HR-V,KIA_Tucson,KIA_Renegade,KIA_Rio&fuel=6&owner_type=all&sort=price&order=asc",
MS_KIA_RIO_2022_FR_NL,KIA,RIO,2022,70000,NL,"https://www.marktplaats.nl/l/auto-s/kia/f/rio+benzine/889+473/#f:10882,534|offeredSince:Altijd|mileageTo:70001|constructionYearFrom:2022|constructionYearTo:2022|sortBy:PRICE|sortOrder:INCREASING",FR,https://www.leboncoin.fr/recherche?category=2&u_car_brand=KIA&u_car_model=KIA_Q8%2CKIA_X5%2CKIA_Puma%2CKIA_HR-V%2CKIA_Tucson%2CKIA_Renegade%2CKIA_Rio&regdate=2022-2022&mileage=min-70000&fuel=6&owner_type=all&sort=price&order=asc,
MS_KIA_RIO_2023_FR_NL,KIA,RIO,2023,70000,NL,"https://www.marktplaats.nl/l/auto-s/kia/f/rio+benzine/889+473/#f:10882,534|offeredSince:Altijd|mileageTo:70001|constructionYearFrom:2023|constructionYearTo:2023|sortBy:PRICE|sortOrder:INCREASING",FR,https://www.leboncoin.fr/recherche?category=2&u_car_brand=KIA&u_car_model=KIA_Rio&regdate=2023-2023&mileage=min-70000&fuel=6&owner_type=all&sort=price&order=asc,
MS_KIA_RIO_2024_FR_NL,KIA,RIO,2024,70000,NL,"https://www.marktplaats.nl/l/auto-s/kia/f/rio+benzine/889+473/#f:10882,534|offeredSince:Altijd|mileageTo:70001|constructionYearFrom:2024|constructionYearTo:2024",FR,https://www.leboncoin.fr/recherche?category=2&u_car_brand=KIA&u_car_model=KIA_Rio&regdate=2024-2024&mileage=min-70000&fuel=6&owner_type=all&sort=price&order=asc,
MS_KIA_RIO_2025_FR_NL,KIA,RIO,2025,70000,NL,"https://www.marktplaats.nl/l/auto-s/kia/f/rio+benzine/889+473/#f:10882,534|offeredSince:Altijd|mileageTo:70001|constructionYearFrom:2025|constructionYearTo:2025",FR,https://www.leboncoin.fr/recherche?category=2&u_car_brand=KIA&u_car_model=KIA_Rio&regdate=2025-2025&mileage=min-70000&fuel=6&owner_type=all&sort=price&order=asc,
MS_KIA_STONIC_2019_FR_NL,KIA,STONIC,2019,70000,NL,https://www.marktplaats.nl/l/auto-s/kia/f/stonic+benzine/11681+473/#f:10882|offeredSince:Altijd|constructionYearFrom:2019|constructionYearTo:2019|mileageTo:70001|sortBy:PRICE|sortOrder:INCREASING,FR,"https://www.leboncoin.fr/recherche?category=2&regdate=2019-2019&mileage=min-70000&u_car_brand=KIA&u_car_model=KIA_Q8,KIA_X5,KIA_Puma,KIA_HR-V,KIA_Tucson,KIA_Renegade,KIA_Stonic&fuel=1&gearbox=2&owner_type=all&sort=price&order=asc",
MS_KIA_STONIC_2020_FR_NL,KIA,STONIC,2020,70000,NL,https://www.marktplaats.nl/l/auto-s/kia/f/stonic+hybride-elektrisch-benzine/11681+13838/#f:10882|offeredSince:Altijd|mileageTo:70001|constructionYearFrom:2020|constructionYearTo:2020|sortBy:PRICE|sortOrder:INCREASING,FR,"https://www.leboncoin.fr/recherche?category=2&regdate=2020-2020&mileage=min-70000&u_car_brand=KIA&u_car_model=KIA_Q8,KIA_X5,KIA_Puma,KIA_HR-V,KIA_Tucson,KIA_Renegade,KIA_Stonic&fuel=6&gearbox=2&owner_type=all&sort=price&order=asc",
MS_KIA_STONIC_2021_FR_NL,KIA,STONIC,2021,70000,NL,https://www.marktplaats.nl/l/auto-s/kia/f/stonic+hybride-elektrisch-benzine/11681+13838/#f:10882|offeredSince:Altijd|mileageTo:70001|constructionYearFrom:2021|constructionYearTo:2021|sortBy:PRICE|sortOrder:INCREASING,FR,"https://www.leboncoin.fr/recherche?category=2&regdate=2021-2021&mileage=min-70000&u_car_brand=KIA&u_car_model=KIA_Q8,KIA_X5,KIA_Puma,KIA_HR-V,KIA_Tucson,KIA_Renegade,KIA_Stonic&fuel=6&gearbox=2&owner_type=all&sort=price&order=asc",
MS_KIA_STONIC_2022_FR_NL,KIA,STONIC,2022,70000,NL,https://www.marktplaats.nl/l/auto-s/kia/f/stonic+hybride-elektrisch-benzine/11681+13838/#f:10882|offeredSince:Altijd|mileageTo:70001|constructionYearFrom:2022|constructionYearTo:2022|sortBy:PRICE|sortOrder:INCREASING,FR,"https://www.leboncoin.fr/recherche?category=2&regdate=2022-2022&mileage=min-70000&u_car_brand=KIA&u_car_model=KIA_Q8,KIA_X5,KIA_Puma,KIA_HR-V,KIA_Tucson,KIA_Renegade,KIA_Stonic&fuel=6&gearbox=2&owner_type=all&sort=price&order=asc",
MS_KIA_STONIC_2023_FR_NL,KIA,STONIC,2023,70000,NL,https://www.marktplaats.nl/l/auto-s/kia/f/stonic+hybride-elektrisch-benzine/11681+13838/#f:10882|offeredSince:Altijd|mileageTo:70001|constructionYearFrom:2023|constructionYearTo:2023|sortBy:PRICE|sortOrder:INCREASING,FR,"https://www.leboncoin.fr/recherche?category=2&regdate=2023-2023&mileage=min-70000&u_car_brand=KIA&u_car_model=KIA_Q8,KIA_X5,KIA_Puma,KIA_HR-V,KIA_Tucson,KIA_Renegade,KIA_Stonic&fuel=6&gearbox=2&owner_type=all&sort=price&order=asc",
MS_KIA_STONIC_2024_FR_NL,KIA,STONIC,2024,70000,NL,https://www.marktplaats.nl/l/auto-s/kia/f/stonic+hybride-elektrisch-benzine/11681+13838/#f:10882|offeredSince:Altijd|mileageTo:70001|constructionYearFrom:2024|constructionYearTo:2024|sortBy:PRICE|sortOrder:INCREASING,FR,"https://www.leboncoin.fr/recherche?category=2&regdate=2023-2024&mileage=min-70000&u_car_brand=KIA&u_car_model=KIA_Q8,KIA_X5,KIA_Puma,KIA_HR-V,KIA_Tucson,KIA_Renegade,KIA_Stonic&fuel=6&gearbox=2&owner_type=all&sort=price&order=asc",
MS_KIA_STONIC_2025_FR_NL,KIA,STONIC,2025,70000,NL,https://www.marktplaats.nl/l/auto-s/kia/f/stonic+hybride-elektrisch-benzine/11681+13838/#f:10882|offeredSince:Altijd|mileageTo:70001|constructionYearFrom:2025|constructionYearTo:2025|sortBy:PRICE|sortOrder:INCREASING,FR,"https://www.leboncoin.fr/recherche?category=2&regdate=2025-2025&mileage=min-70000&u_car_brand=KIA&u_car_model=KIA_Q8,KIA_X5,KIA_Puma,KIA_HR-V,KIA_Tucson,KIA_Renegade,KIA_Stonic&fuel=6&gearbox=2&owner_type=all&sort=price&order=asc",
MS_KIA_XCEED_2020_FR_NL,KIA,X-CEED,2020,70000,NL,"https://www.marktplaats.nl/l/auto-s/kia/f/xceed+hybride-elektrisch-benzine/14010+13838/#f:10882,534,13956|offeredSince:Altijd|mileageTo:70001|constructionYearFrom:2020|constructionYearTo:2020|sortBy:PRICE|sortOrder:INCREASING",FR,"https://www.leboncoin.fr/recherche?category=2&regdate=2020-2020&mileage=min-70000&u_car_brand=KIA&u_car_model=KIA_Q8,KIA_X5,KIA_Puma,KIA_HR-V,KIA_Tucson,KIA_Renegade,KIA_XCeed&fuel=8&gearbox=2&owner_type=all&sort=price&order=asc",
MS_KIA_XCEED_2021_FR_NL,KIA,X-CEED,2021,70000,NL,"https://www.marktplaats.nl/l/auto-s/kia/f/xceed+hybride-elektrisch-benzine/14010+13838/#f:10882,534,13956|offeredSince:Altijd|mileageTo:70001|constructionYearFrom:2021|constructionYearTo:2021|sortBy:PRICE|sortOrder:INCREASING",FR,"https://www.leboncoin.fr/recherche?category=2&regdate=2021-2021&mileage=min-70000&u_car_brand=KIA&u_car_model=KIA_Q8,KIA_X5,KIA_Puma,KIA_HR-V,KIA_Tucson,KIA_Renegade,KIA_XCeed&fuel=8&gearbox=2&owner_type=all&sort=price&order=asc",
MS_KIA_XCEED_2022_FR_NL,KIA,X-CEED,2022,70000,NL,"https://www.marktplaats.nl/l/auto-s/kia/f/xceed+hybride-elektrisch-benzine/14010+13838/#f:10882,534,13956|offeredSince:Altijd|mileageTo:70001|constructionYearFrom:2022|constructionYearTo:2022|sortBy:PRICE|sortOrder:INCREASING",FR,"https://www.leboncoin.fr/recherche?category=2&regdate=2022-2022&mileage=min-70000&u_car_brand=KIA&u_car_model=KIA_Q8,KIA_X5,KIA_Puma,KIA_HR-V,KIA_Tucson,KIA_Renegade,KIA_XCeed&fuel=8&gearbox=2&owner_type=all&sort=price&order=asc",
MS_KIA_XCEED_2023_FR_NL,KIA,X-CEED,2023,70000,NL,"https://www.marktplaats.nl/l/auto-s/kia/f/xceed+hybride-elektrisch-benzine/14010+13838/#f:10882,534,13956|offeredSince:Altijd|mileageTo:70001|constructionYearFrom:2023|constructionYearTo:2023|sortBy:PRICE|sortOrder:INCREASING",FR,"https://www.leboncoin.fr/recherche?category=2&regdate=2023-2023&mileage=min-70000&u_car_brand=KIA&u_car_model=KIA_Q8,KIA_X5,KIA_Puma,KIA_HR-V,KIA_Tucson,KIA_Renegade,KIA_XCeed&fuel=8&gearbox=2&owner_type=all&sort=price&order=asc",
MS_KIA_XCEED_2024_FR_NL,KIA,X-CEED,2024,70000,NL,"https://www.marktplaats.nl/l/auto-s/kia/f/xceed+hybride-elektrisch-benzine/14010+13838/#f:10882,534,13956|offeredSince:Altijd|mileageTo:70001|constructionYearFrom:2024|constructionYearTo:2024|sortBy:PRICE|sortOrder:INCREASING",FR,"https://www.leboncoin.fr/recherche?category=2&regdate=2024-2024&mileage=min-70000&u_car_brand=KIA&u_car_model=KIA_Q8,KIA_X5,KIA_Puma,KIA_HR-V,KIA_Tucson,KIA_Renegade,KIA_XCeed&fuel=8&gearbox=2&owner_type=all&sort=price&order=asc",
MS_KIA_XCEED_2025_FR_NL,KIA,X-CEED,2025,70000,NL,"https://www.marktplaats.nl/l/auto-s/kia/f/xceed+hybride-elektrisch-benzine/14010+13838/#f:10882,534,13956|offeredSince:Altijd|mileageTo:70001|constructionYearFrom:2025|constructionYearTo:2025|sortBy:PRICE|sortOrder:INCREASING",FR,"https://www.leboncoin.fr/recherche?category=2&regdate=2025-2025&mileage=min-70000&u_car_brand=KIA&u_car_model=KIA_Q8,KIA_X5,KIA_Puma,KIA_HR-V,KIA_Tucson,KIA_Renegade,KIA_XCeed&fuel=8&gearbox=2&owner_type=all&sort=price&order=asc",
MS_LEXUS_CT_2017_FR_NL,LEXUS,CT,2017,70000,NL,https://www.marktplaats.nl/l/auto-s/lexus/f/ct-h/932/#f:10882|offeredSince:Altijd|mileageTo:70001|constructionYearFrom:2017|constructionYearTo:2017|sortBy:PRICE|sortOrder:INCREASING,FR,https://www.leboncoin.fr/recherche?category=2&mileage=min-70000&regdate=2017-2017&u_car_brand=LEXUS&u_car_model=LEXUS_CT&sort=price&order=asc,
MS_LEXUS_CT_2018_FR_NL,LEXUS,CT,2018,70000,NL,https://www.marktplaats.nl/l/auto-s/lexus/f/ct-h/932/#f:10882|offeredSince:Altijd|mileageTo:70001|constructionYearFrom:2018|constructionYearTo:2018|sortBy:PRICE|sortOrder:INCREASING,FR,https://www.leboncoin.fr/recherche?category=2&mileage=min-70000&regdate=201-2018&u_car_brand=LEXUS&u_car_model=LEXUS_CT&sort=price&order=asc,
MS_LEXUS_CT_2019_FR_NL,LEXUS,CT,2019,70000,NL,https://www.marktplaats.nl/l/auto-s/lexus/f/ct-h/932/#f:10882|offeredSince:Altijd|mileageTo:70001|constructionYearFrom:2019|constructionYearTo:2019|sortBy:PRICE|sortOrder:INCREASING,FR,https://www.leboncoin.fr/recherche?category=2&mileage=min-70000&regdate=2019-2019&u_car_brand=LEXUS&u_car_model=LEXUS_CT&sort=price&order=asc,
MS_LEXUS_CT_2020_FR_NL,LEXUS,CT,2020,70000,NL,https://www.marktplaats.nl/l/auto-s/lexus/f/ct-h/932/#f:10882|offeredSince:Altijd|mileageTo:70001|constructionYearFrom:2020|constructionYearTo:2020|sortBy:PRICE|sortOrder:INCREASING,FR,https://www.leboncoin.fr/recherche?category=2&mileage=min-70000&regdate=2020-2020&u_car_brand=LEXUS&u_car_model=LEXUS_CT&sort=price&order=asc,
MS_LEXUS_ES_2020_FR_NL,LEXUS,ES,2020,70000,NL,https://www.marktplaats.nl/l/auto-s/lexus/f/es+hybride-elektrisch-benzine/925+13838/#f:10882|offeredSince:Altijd|constructionYearFrom:2020|constructionYearTo:2020|mileageTo:70001|sortBy:PRICE|sortOrder:INCREASING,FR,https://www.leboncoin.fr/recherche?category=2&mileage=min-70000&regdate=2020-2020&u_car_brand=LEXUS&u_car_model=LEXUS_ES&sort=price&order=asc,
MS_LEXUS_ES_2021_FR_NL,LEXUS,ES,2021,70000,NL,https://www.marktplaats.nl/l/auto-s/lexus/f/es+hybride-elektrisch-benzine/925+13838/#f:10882|offeredSince:Altijd|mileageTo:70001|constructionYearFrom:2021|constructionYearTo:2021|sortBy:PRICE|sortOrder:INCREASING,FR,https://www.leboncoin.fr/recherche?category=2&mileage=min-70000&regdate=2021-2021&u_car_brand=LEXUS&u_car_model=LEXUS_ES&sort=price&order=asc,
MS_LEXUS_ES_2022_FR_NL,LEXUS,ES,2022,70000,NL,https://www.marktplaats.nl/l/auto-s/lexus/f/es+hybride-elektrisch-benzine/925+13838/#f:10882|offeredSince:Altijd|mileageTo:70001|constructionYearFrom:2022|constructionYearTo:2022|sortBy:PRICE|sortOrder:INCREASING,FR,https://www.leboncoin.fr/recherche?category=2&mileage=min-70000&regdate=2022-2022&u_car_brand=LEXUS&u_car_model=LEXUS_ES&sort=price&order=asc,
MS_LEXUS_ES_2023_FR_NL,LEXUS,ES,2023,70000,NL,https://www.marktplaats.nl/l/auto-s/lexus/f/es+hybride-elektrisch-benzine/925+13838/#f:10882|offeredSince:Altijd|mileageTo:70001|constructionYearFrom:2023|constructionYearTo:2023|sortBy:PRICE|sortOrder:INCREASING,FR,https://www.leboncoin.fr/recherche?category=2&mileage=min-70000&regdate=2023-2023&u_car_brand=LEXUS&u_car_model=LEXUS_ES&sort=price&order=asc,
MS_LEXUS_ES_2024_FR_NL,LEXUS,ES,2024,70000,NL,https://www.marktplaats.nl/l/auto-s/lexus/f/es+hybride-elektrisch-benzine/925+13838/#f:10882|offeredSince:Altijd|mileageTo:70001|constructionYearFrom:2024|constructionYearTo:2024|sortBy:PRICE|sortOrder:INCREASING,FR,https://www.leboncoin.fr/recherche?category=2&mileage=min-70000&regdate=2024-2024&u_car_brand=LEXUS&u_car_model=LEXUS_ES&sort=price&order=asc,
MS_LEXUS_ES_2025_FR_NL,LEXUS,ES,2025,70000,NL,https://www.marktplaats.nl/l/auto-s/lexus/f/es+hybride-elektrisch-benzine/925+13838/#f:10882|offeredSince:Altijd|mileageTo:70001|constructionYearFrom:2025|constructionYearTo:2025|sortBy:PRICE|sortOrder:INCREASING,FR,https://www.leboncoin.fr/recherche?category=2&mileage=min-70000&regdate=2025-2025&u_car_brand=LEXUS&u_car_model=LEXUS_ES&sort=price&order=asc,
MS_LEXUS_IS_2020_FR_NL,LEXUS,IS,2020,70000,NL,https://www.marktplaats.nl/l/auto-s/lexus/f/is+hybride-elektrisch-benzine/927+13838/#f:10882|offeredSince:Altijd|constructionYearFrom:2020|constructionYearTo:2020|mileageTo:70001|sortBy:PRICE|sortOrder:INCREASING,FR,https://www.leboncoin.fr/recherche?category=2&mileage=min-70000&regdate=2020-2020&u_car_brand=LEXUS&u_car_model=LEXUS_IS&gearbox=2&sort=price&order=asc,
MS_LEXUS_IS_2021_FR_NL,LEXUS,IS,2021,70000,NL,https://www.marktplaats.nl/l/auto-s/lexus/f/is+hybride-elektrisch-benzine/927+13838/#f:10882|offeredSince:Altijd|mileageTo:70001|constructionYearFrom:2021|constructionYearTo:2021|sortBy:PRICE|sortOrder:INCREASING,FR,https://www.leboncoin.fr/recherche?category=2&mileage=min-70000&regdate=2021-2021&u_car_brand=LEXUS&u_car_model=LEXUS_IS&sort=price&order=asc,
MS_LEXUS_UX_2019_FR_NL,LEXUS,UX,2019,70000,NL,https://www.marktplaats.nl/l/auto-s/lexus/f/ux/11902/#f:10882|offeredSince:Altijd|mileageTo:70001|constructionYearFrom:2019|constructionYearTo:2019|sortBy:PRICE|sortOrder:INCREASING,FR,https://www.leboncoin.fr/recherche?category=2&mileage=min-70000&regdate=2019-2019&u_car_brand=LEXUS&u_car_model=LEXUS_UX&sort=price&order=asc,
MS_LEXUS_UX_2020_FR_NL,LEXUS,UX,2020,70000,NL,https://www.marktplaats.nl/l/auto-s/lexus/f/ux/11902/#f:10882|offeredSince:Altijd|mileageTo:70001|constructionYearFrom:2020|constructionYearTo:2020|sortBy:PRICE|sortOrder:INCREASING,FR,https://www.leboncoin.fr/recherche?category=2&regdate=2020-2020&mileage=min-70000&u_car_brand=LEXUS&u_car_model=LEXUS_UX&fuel=6&sort=price&order=asc,
MS_LEXUS_UX_2021_FR_NL,LEXUS,UX,2021,70000,NL,https://www.marktplaats.nl/l/auto-s/lexus/f/ux/11902/#f:10882|offeredSince:Altijd|mileageTo:70001|constructionYearFrom:2021|constructionYearTo:2021|sortBy:PRICE|sortOrder:INCREASING,FR,https://www.leboncoin.fr/recherche?category=2&regdate=2021-2021&mileage=min-70000&u_car_brand=LEXUS&u_car_model=LEXUS_UX&fuel=6&sort=price&order=asc,
MS_LEXUS_UX_2022_FR_NL,LEXUS,UX,2022,70000,NL,https://www.marktplaats.nl/l/auto-s/lexus/f/ux/11902/#f:10882|offeredSince:Altijd|mileageTo:70001|constructionYearFrom:2022|constructionYearTo:2022|sortBy:PRICE|sortOrder:INCREASING,FR,https://www.leboncoin.fr/recherche?category=2&regdate=2022-2022&mileage=min-70000&u_car_brand=LEXUS&u_car_model=LEXUS_UX&fuel=6&sort=price&order=asc,
MS_LEXUS_UX_2023_FR_NL,LEXUS,UX,2023,70000,NL,https://www.marktplaats.nl/l/auto-s/lexus/f/ux/11902/#f:10882|offeredSince:Altijd|mileageTo:70001|constructionYearFrom:2023|constructionYearTo:2023|sortBy:PRICE|sortOrder:INCREASING,FR,https://www.leboncoin.fr/recherche?category=2&regdate=2023-2023&mileage=min-70000&u_car_brand=LEXUS&u_car_model=LEXUS_UX&fuel=6&sort=price&order=asc,
MS_LEXUS_UX_2024_FR_NL,LEXUS,UX,2024,70000,NL,https://www.marktplaats.nl/l/auto-s/lexus/f/ux/11902/#f:10882|offeredSince:Altijd|mileageTo:70001|constructionYearFrom:2024|constructionYearTo:2024|sortBy:PRICE|sortOrder:INCREASING,FR,https://www.leboncoin.fr/recherche?category=2&regdate=2024-2024&mileage=min-70000&u_car_brand=LEXUS&u_car_model=LEXUS_UX&fuel=6&sort=price&order=asc,
MS_LEXUS_UX_2025_FR_NL,LEXUS,UX,2025,70000,NL,https://www.marktplaats.nl/l/auto-s/lexus/f/ux/11902/#f:10882|offeredSince:Altijd|mileageTo:70001|constructionYearFrom:2025|constructionYearTo:2025|sortBy:PRICE|sortOrder:INCREASING,FR,https://www.leboncoin.fr/recherche?category=2&regdate=2025-2025&mileage=min-70000&u_car_brand=LEXUS&u_car_model=LEXUS_UX&fuel=6&sort=price&order=asc,
MS_MERCEDESBENZ_CLASSEA_2021_FR_NL,MERCEDES-BENZ,CLASSE A,2021,70000,NL,"https://www.marktplaats.nl/l/auto-s/mercedes-benz/f/a-klasse+hybride-elektrisch-benzine/964+13838/#f:10882,13956|offeredSince:Altijd|constructionYearFrom:2021|constructionYearTo:2021|mileageTo:70001|engineHorsepowerFrom:200|sortBy:PRICE|sortOrder:INCREASING",FR,"https://www.leboncoin.fr/recherche?category=2&regdate=2021-2021&mileage=min-70000&horse_power_din=200-max&u_car_brand=MERCEDES-BENZ&u_car_model=MERCEDES-BENZ_Classe%20A&fuel=8,6&owner_type=all&sort=price&order=asc",
MS_MERCEDESBENZ_CLASSEA_2022_FR_NL,MERCEDES-BENZ,CLASSE A,2022,70000,NL,"https://www.marktplaats.nl/l/auto-s/mercedes-benz/f/a-klasse+hybride-elektrisch-benzine/964+13838/#f:10882,13956|offeredSince:Altijd|mileageTo:70001|engineHorsepowerFrom:200|constructionYearFrom:2022|constructionYearTo:2022|sortBy:PRICE|sortOrder:INCREASING",FR,"https://www.leboncoin.fr/recherche?category=2&regdate=2022-2022&mileage=min-70000&horse_power_din=200-max&u_car_brand=MERCEDES-BENZ&u_car_model=MERCEDES-BENZ_Classe%20A&fuel=8,6&owner_type=all&sort=price&order=asc",
MS_MERCEDESBENZ_CLASSEA_2023_FR_NL,MERCEDES-BENZ,CLASSE A,2023,70000,NL,"https://www.marktplaats.nl/l/auto-s/mercedes-benz/f/a-klasse+hybride-elektrisch-benzine/964+13838/#f:10882,13956|offeredSince:Altijd|mileageTo:70001|engineHorsepowerFrom:200|constructionYearFrom:2023|constructionYearTo:2023|sortBy:PRICE|sortOrder:INCREASING",FR,"https://www.leboncoin.fr/recherche?category=2&regdate=2022-2023&mileage=min-70000&horse_power_din=200-max&u_car_brand=MERCEDES-BENZ&u_car_model=MERCEDES-BENZ_Classe%20A&fuel=8,6&owner_type=all&sort=price&order=asc",
MS_MERCEDESBENZ_CLASSEA_2024_FR_NL,MERCEDES-BENZ,CLASSE A,2024,70000,NL,"https://www.marktplaats.nl/l/auto-s/mercedes-benz/f/a-klasse+hybride-elektrisch-benzine/964+13838/#f:10882,13956|offeredSince:Altijd|mileageTo:70001|engineHorsepowerFrom:200|constructionYearFrom:2024|constructionYearTo:2024|sortBy:PRICE|sortOrder:INCREASING",FR,"https://www.leboncoin.fr/recherche?category=2&regdate=2024-2024&mileage=min-70000&horse_power_din=200-max&u_car_brand=MERCEDES-BENZ&u_car_model=MERCEDES-BENZ_Classe%20A&fuel=8,6&owner_type=all&sort=price&order=asc",
MS_MERCEDESBENZ_CLASSEA_2025_FR_NL,MERCEDES-BENZ,CLASSE A,2025,70000,NL,"https://www.marktplaats.nl/l/auto-s/mercedes-benz/f/a-klasse+hybride-elektrisch-benzine/964+13838/#f:10882,13956|offeredSince:Altijd|mileageTo:70001|engineHorsepowerFrom:200|constructionYearFrom:2025|constructionYearTo:2025|sortBy:PRICE|sortOrder:INCREASING",FR,"https://www.leboncoin.fr/recherche?category=2&regdate=2024-2025&mileage=min-70000&horse_power_din=200-max&u_car_brand=MERCEDES-BENZ&u_car_model=MERCEDES-BENZ_Classe%20A&fuel=8,6&owner_type=all&sort=price&order=asc",
MS_MERCEDESBENZ_CLASSEB_2021_FR_NL,MERCEDES-BENZ,Classe B,2021,70000,NL,https://www.marktplaats.nl/l/auto-s/mercedes-benz/f/b-klasse+hybride-elektrisch-benzine/973+13838/#f:10882|offeredSince:Altijd|mileageTo:70001|constructionYearFrom:2021|constructionYearTo:2021|engineHorsepowerFrom:200|sortBy:PRICE|sortOrder:INCREASING,FR,"https://www.leboncoin.fr/recherche?category=2&regdate=2021-2021&mileage=min-70000&horse_power_din=210-max&u_car_brand=MERCEDES-BENZ&u_car_model=MERCEDES-BENZ_Classe%20B&fuel=6,8&owner_type=all&sort=price&order=asc",
MS_MERCEDESBENZ_CLASSEB_2022_FR_NL,MERCEDES-BENZ,Classe B,2022,70000,NL,https://www.marktplaats.nl/l/auto-s/mercedes-benz/f/b-klasse+hybride-elektrisch-benzine/973+13838/#f:10882|offeredSince:Altijd|mileageTo:70001|engineHorsepowerFrom:200|constructionYearFrom:2022|constructionYearTo:2022|sortBy:PRICE|sortOrder:INCREASING,FR,"https://www.leboncoin.fr/recherche?category=2&regdate=2022-2022&mileage=min-70000&horse_power_din=210-max&u_car_brand=MERCEDES-BENZ&u_car_model=MERCEDES-BENZ_Classe%20B&fuel=6,8&owner_type=all&sort=price&order=asc",
MS_MERCEDESBENZ_CLASSEB_2023_FR_NL,MERCEDES-BENZ,Classe B,2023,70000,NL,https://www.marktplaats.nl/l/auto-s/mercedes-benz/f/b-klasse+hybride-elektrisch-benzine/973+13838/#f:10882|offeredSince:Altijd|mileageTo:70001|engineHorsepowerFrom:200|constructionYearFrom:2023|constructionYearTo:2023|sortBy:PRICE|sortOrder:INCREASING,FR,"https://www.leboncoin.fr/recherche?category=2&regdate=2023-2023&mileage=min-70000&horse_power_din=210-max&u_car_brand=MERCEDES-BENZ&u_car_model=MERCEDES-BENZ_Classe%20B&fuel=6,8&owner_type=all&sort=price&order=asc",
MS_MERCEDESBENZ_CLASSEB_2024_FR_NL,MERCEDES-BENZ,Classe B,2024,70000,NL,https://www.marktplaats.nl/l/auto-s/mercedes-benz/f/b-klasse+hybride-elektrisch-benzine/973+13838/#f:10882|offeredSince:Altijd|mileageTo:70001|engineHorsepowerFrom:200|constructionYearFrom:2024|constructionYearTo:2024|sortBy:PRICE|sortOrder:INCREASING,FR,"https://www.leboncoin.fr/recherche?category=2&regdate=2024-2024&mileage=min-70000&horse_power_din=210-max&u_car_brand=MERCEDES-BENZ&u_car_model=MERCEDES-BENZ_Classe%20B&fuel=6,8&owner_type=all&sort=price&order=asc",
MS_MERCEDESBENZ_CLASSEB_2025_FR_NL,MERCEDES-BENZ,Classe B,2025,70000,NL,https://www.marktplaats.nl/l/auto-s/mercedes-benz/f/b-klasse+hybride-elektrisch-benzine/973+13838/#f:10882|offeredSince:Altijd|mileageTo:70001|engineHorsepowerFrom:200|constructionYearFrom:2025|constructionYearTo:2025|sortBy:PRICE|sortOrder:INCREASING,FR,"https://www.leboncoin.fr/recherche?category=2&regdate=2025-2025&mileage=min-70000&horse_power_din=210-max&u_car_brand=MERCEDES-BENZ&u_car_model=MERCEDES-BENZ_Classe%20B&fuel=6,8&owner_type=all&sort=price&order=asc",
MS_MERCEDESBENZ_CLASSEC_2021_FR_NL,MERCEDES-BENZ,CLASSE C,2021,70000,NL,https://www.marktplaats.nl/l/auto-s/mercedes-benz/f/c-klasse+hybride-elektrisch-benzine/965+13838/#f:10882|offeredSince:Altijd|mileageTo:70001|constructionYearFrom:2021|constructionYearTo:2021|engineHorsepowerFrom:300|sortBy:PRICE|sortOrder:INCREASING,FR,"https://www.leboncoin.fr/recherche?category=2&regdate=2021-2021&mileage=min-70000&horse_power_din=290-max&u_car_brand=MERCEDES-BENZ&u_car_model=MERCEDES-BENZ_Classe%20C&fuel=6,8&owner_type=all&sort=price&order=asc",
MS_MERCEDESBENZ_CLASSEC_2022_FR_NL,MERCEDES-BENZ,CLASSE C,2022,70000,NL,https://www.marktplaats.nl/l/auto-s/mercedes-benz/f/c-klasse+hybride-elektrisch-benzine/965+13838/#f:10882|offeredSince:Altijd|mileageTo:70001|engineHorsepowerFrom:300|constructionYearFrom:2022|constructionYearTo:2022|sortBy:PRICE|sortOrder:INCREASING,FR,"https://www.leboncoin.fr/recherche?category=2&regdate=2022-2022&mileage=min-70000&horse_power_din=290-max&u_car_brand=MERCEDES-BENZ&u_car_model=MERCEDES-BENZ_Classe%20C&fuel=6,8&owner_type=all&sort=price&order=asc",
MS_MERCEDESBENZ_CLASSEC_2023_FR_NL,MERCEDES-BENZ,CLASSE C,2023,70000,NL,https://www.marktplaats.nl/l/auto-s/mercedes-benz/f/c-klasse+hybride-elektrisch-benzine/965+13838/#f:10882|offeredSince:Altijd|mileageTo:70001|engineHorsepowerFrom:300|constructionYearFrom:2023|constructionYearTo:2023|sortBy:PRICE|sortOrder:INCREASING,FR,"https://www.leboncoin.fr/recherche?category=2&regdate=2023-2023&mileage=min-70000&horse_power_din=290-max&u_car_brand=MERCEDES-BENZ&u_car_model=MERCEDES-BENZ_Classe%20C&fuel=6,8&owner_type=all&sort=price&order=asc",
MS_MERCEDESBENZ_CLASSEC_2024_FR_NL,MERCEDES-BENZ,CLASSE C,2024,70000,NL,https://www.marktplaats.nl/l/auto-s/mercedes-benz/f/c-klasse+hybride-elektrisch-benzine/965+13838/#f:10882|offeredSince:Altijd|mileageTo:70001|engineHorsepowerFrom:300|constructionYearFrom:2024|constructionYearTo:2024|sortBy:PRICE|sortOrder:INCREASING,FR,"https://www.leboncoin.fr/recherche?category=2&regdate=2024-2024&mileage=min-70000&horse_power_din=290-max&u_car_brand=MERCEDES-BENZ&u_car_model=MERCEDES-BENZ_Classe%20C&fuel=6,8&owner_type=all&sort=price&order=asc",
MS_MERCEDESBENZ_CLASSEC_2025_FR_NL,MERCEDES-BENZ,CLASSE C,2025,70000,NL,https://www.marktplaats.nl/l/auto-s/mercedes-benz/f/c-klasse+hybride-elektrisch-benzine/965+13838/#f:10882|offeredSince:Altijd|mileageTo:70001|engineHorsepowerFrom:300|constructionYearFrom:2025|constructionYearTo:2025|sortBy:PRICE|sortOrder:INCREASING,FR,"https://www.leboncoin.fr/recherche?category=2&regdate=2025-2025&mileage=min-70000&horse_power_din=290-max&u_car_brand=MERCEDES-BENZ&u_car_model=MERCEDES-BENZ_Classe%20C&fuel=6,8&owner_type=all&sort=price&order=asc",
MS_MERCEDESBENZ_CLASSECLA_2021_FR_NL,MERCEDES-BENZ,Classe Cla,2021,70000,NL,https://www.marktplaats.nl/l/auto-s/mercedes-benz/f/cla+hybride-elektrisch-benzine/10886+13838/#f:10882|offeredSince:Altijd|mileageTo:70001|constructionYearFrom:2021|constructionYearTo:2021|engineHorsepowerFrom:200|sortBy:PRICE|sortOrder:INCREASING,FR,https://www.leboncoin.fr/recherche?category=2&u_car_brand=MERCEDES-BENZ&u_car_model=MERCEDES-BENZ_CLA&regdate=2021-2021&mileage=min-70000&fuel=6&owner_type=all&sort=price&order=asc,
MS_MERCEDESBENZ_CLASSECLA_2022_FR_NL,MERCEDES-BENZ,Classe Cla,2022,70000,NL,https://www.marktplaats.nl/l/auto-s/mercedes-benz/f/cla+hybride-elektrisch-benzine/10886+13838/#f:10882|offeredSince:Altijd|mileageTo:70001|engineHorsepowerFrom:200|constructionYearFrom:2022|constructionYearTo:2022|sortBy:PRICE|sortOrder:INCREASING,FR,https://www.leboncoin.fr/recherche?category=2&u_car_brand=MERCEDES-BENZ&u_car_model=MERCEDES-BENZ_CLA&regdate=2022-2022&mileage=min-70000&fuel=6&owner_type=all&sort=price&order=asc,
MS_MERCEDESBENZ_CLASSECLA_2023_FR_NL,MERCEDES-BENZ,Classe Cla,2023,70000,NL,https://www.marktplaats.nl/l/auto-s/mercedes-benz/f/cla+hybride-elektrisch-benzine/10886+13838/#f:10882|offeredSince:Altijd|mileageTo:70001|constructionYearFrom:2023|constructionYearTo:2023|sortBy:PRICE|sortOrder:INCREASING,FR,https://www.leboncoin.fr/recherche?category=2&u_car_brand=MERCEDES-BENZ&u_car_model=MERCEDES-BENZ_CLA&regdate=2023-2023&mileage=min-70000&fuel=6&owner_type=all&sort=price&order=asc,
MS_MERCEDESBENZ_CLASSECLA_2024_FR_NL,MERCEDES-BENZ,Classe Cla,2024,70000,NL,https://www.marktplaats.nl/l/auto-s/mercedes-benz/f/cla+hybride-elektrisch-benzine/10886+13838/#f:10882|offeredSince:Altijd|mileageTo:70001|constructionYearFrom:2024|constructionYearTo:2024|sortBy:PRICE|sortOrder:INCREASING,FR,https://www.leboncoin.fr/recherche?category=2&u_car_brand=MERCEDES-BENZ&u_car_model=MERCEDES-BENZ_CLA&regdate=2024-2024&mileage=min-70000&fuel=6&owner_type=all&sort=price&order=asc,
MS_MERCEDESBENZ_CLASSECLA_2025_FR_NL,MERCEDES-BENZ,Classe Cla,2025,70000,NL,https://www.marktplaats.nl/l/auto-s/mercedes-benz/f/cla+hybride-elektrisch-benzine/10886+13838/#f:10882|offeredSince:Altijd|mileageTo:70001|constructionYearFrom:2025|constructionYearTo:2025|sortBy:PRICE|sortOrder:INCREASING,FR,https://www.leboncoin.fr/recherche?category=2&u_car_brand=MERCEDES-BENZ&u_car_model=MERCEDES-BENZ_CLA&regdate=2025-2025&mileage=min-70000&fuel=6&owner_type=all&sort=price&order=asc,
MS_MERCEDESBENZ_CLASSEE_2021_FR_NL,MERCEDES-BENZ,CLASSE E,2021,70000,NL,https://www.marktplaats.nl/l/auto-s/mercedes-benz/f/e-klasse+hybride-elektrisch-benzine/966+13838/#f:10882|offeredSince:Altijd|mileageTo:70001|constructionYearFrom:2021|constructionYearTo:2021|sortBy:PRICE|sortOrder:INCREASING,FR,https://www.leboncoin.fr/recherche?category=2&u_car_brand=MERCEDES-BENZ&u_car_model=MERCEDES-BENZ_Classe+E&regdate=2021-2021&mileage=min-70000&fuel=6&owner_type=all&sort=price&order=asc,
MS_MERCEDESBENZ_CLASSEE_2022_FR_NL,MERCEDES-BENZ,CLASSE E,2022,70000,NL,https://www.marktplaats.nl/l/auto-s/mercedes-benz/f/e-klasse+hybride-elektrisch-benzine/966+13838/#f:10882|offeredSince:Altijd|mileageTo:70001|constructionYearFrom:2022|constructionYearTo:2022|sortBy:PRICE|sortOrder:INCREASING,FR,https://www.leboncoin.fr/recherche?category=2&u_car_brand=MERCEDES-BENZ&u_car_model=MERCEDES-BENZ_Classe+E&regdate=2022-2022&mileage=min-70000&fuel=6&owner_type=all&sort=price&order=asc,
MS_MERCEDESBENZ_CLASSEE_2023_FR_NL,MERCEDES-BENZ,CLASSE E,2023,70000,NL,https://www.marktplaats.nl/l/auto-s/mercedes-benz/f/e-klasse+hybride-elektrisch-benzine/966+13838/#f:10882|offeredSince:Altijd|mileageTo:70001|constructionYearFrom:2023|constructionYearTo:2023|sortBy:PRICE|sortOrder:INCREASING,FR,https://www.leboncoin.fr/recherche?category=2&u_car_brand=MERCEDES-BENZ&u_car_model=MERCEDES-BENZ_Classe+E&regdate=2023-2023&mileage=min-70000&fuel=6&owner_type=all&sort=price&order=asc,
MS_MERCEDESBENZ_CLASSEE_2024_FR_NL,MERCEDES-BENZ,CLASSE E,2024,70000,NL,https://www.marktplaats.nl/l/auto-s/mercedes-benz/f/e-klasse+hybride-elektrisch-benzine/966+13838/#f:10882|offeredSince:Altijd|mileageTo:70001|constructionYearFrom:2024|constructionYearTo:2024|sortBy:PRICE|sortOrder:INCREASING,FR,https://www.leboncoin.fr/recherche?category=2&u_car_brand=MERCEDES-BENZ&u_car_model=MERCEDES-BENZ_Classe+E&regdate=2024-2024&mileage=min-70000&fuel=6&owner_type=all&sort=price&order=asc,
MS_MERCEDESBENZ_CLASSEE_2025_FR_NL,MERCEDES-BENZ,CLASSE E,2025,70000,NL,https://www.marktplaats.nl/l/auto-s/mercedes-benz/f/e-klasse+hybride-elektrisch-benzine/966+13838/#f:10882|offeredSince:Altijd|mileageTo:70001|constructionYearFrom:2025|constructionYearTo:2025|sortBy:PRICE|sortOrder:INCREASING,FR,https://www.leboncoin.fr/recherche?category=2&u_car_brand=MERCEDES-BENZ&u_car_model=MERCEDES-BENZ_Classe+E&regdate=2025-2025&mileage=min-70000&fuel=6&owner_type=all&sort=price&order=asc,
MS_MERCEDESBENZ_CLASSEGLA_2021_FR_NL,MERCEDES-BENZ,Classe Gla,2021,70000,NL,https://www.marktplaats.nl/l/auto-s/mercedes-benz/f/gla+hybride-elektrisch-benzine/11592+13838/#f:10882|offeredSince:Altijd|mileageTo:70001|constructionYearFrom:2021|constructionYearTo:2021|sortBy:PRICE|sortOrder:INCREASING,FR,https://www.leboncoin.fr/recherche?category=2&u_car_brand=MERCEDES-BENZ&u_car_model=MERCEDES-BENZ_GLA&regdate=2021-2021&mileage=min-70000&fuel=6&owner_type=all&sort=price&order=asc,
MS_MERCEDESBENZ_CLASSEGLA_2022_FR_NL,MERCEDES-BENZ,Classe Gla,2022,70000,NL,https://www.marktplaats.nl/l/auto-s/mercedes-benz/f/gla+hybride-elektrisch-benzine/11592+13838/#f:10882|offeredSince:Altijd|mileageTo:70001|constructionYearFrom:2022|constructionYearTo:2022|sortBy:PRICE|sortOrder:INCREASING,FR,https://www.leboncoin.fr/recherche?category=2&u_car_brand=MERCEDES-BENZ&u_car_model=MERCEDES-BENZ_GLA&regdate=2022-2022&mileage=min-70000&fuel=6&owner_type=all&sort=price&order=asc,
MS_MERCEDESBENZ_CLASSEGLA_2023_FR_NL,MERCEDES-BENZ,Classe Gla,2023,70000,NL,https://www.marktplaats.nl/l/auto-s/mercedes-benz/f/gla+hybride-elektrisch-benzine/11592+13838/#f:10882|offeredSince:Altijd|mileageTo:70001|constructionYearFrom:2023|constructionYearTo:2023|sortBy:PRICE|sortOrder:INCREASING,FR,https://www.leboncoin.fr/recherche?category=2&u_car_brand=MERCEDES-BENZ&u_car_model=MERCEDES-BENZ_GLA&regdate=2023-2023&mileage=min-70000&fuel=6&owner_type=all&sort=price&order=asc,
MS_MERCEDESBENZ_CLASSEGLA_2024_FR_NL,MERCEDES-BENZ,Classe Gla,2024,70000,NL,https://www.marktplaats.nl/l/auto-s/mercedes-benz/f/gla+hybride-elektrisch-benzine/11592+13838/#f:10882|offeredSince:Altijd|mileageTo:70001|constructionYearFrom:2024|constructionYearTo:2024|sortBy:PRICE|sortOrder:INCREASING,FR,https://www.leboncoin.fr/recherche?category=2&u_car_brand=MERCEDES-BENZ&u_car_model=MERCEDES-BENZ_GLA&regdate=2024-2024&mileage=min-70000&fuel=6&owner_type=all&sort=price&order=asc,
MS_MERCEDESBENZ_CLASSEGLA_2025_FR_NL,MERCEDES-BENZ,Classe Gla,2025,70000,NL,https://www.marktplaats.nl/l/auto-s/mercedes-benz/f/gla+hybride-elektrisch-benzine/11592+13838/#f:10882|offeredSince:Altijd|mileageTo:70001|constructionYearFrom:2025|constructionYearTo:2025|sortBy:PRICE|sortOrder:INCREASING,FR,https://www.leboncoin.fr/recherche?category=2&u_car_brand=MERCEDES-BENZ&u_car_model=MERCEDES-BENZ_GLA&regdate=2025-2025&mileage=min-70000&fuel=6&owner_type=all&sort=price&order=asc,
MS_MERCEDESBENZ_GLC_2023_FR_NL,MERCEDES-BENZ,GLC,2023,70000,NL,https://www.marktplaats.nl/l/auto-s/mercedes-benz/f/glc+hybride-elektrisch-benzine/11690+13838/#f:10882|offeredSince:Altijd|mileageTo:70001|constructionYearFrom:2023|constructionYearTo:2023|sortBy:PRICE|sortOrder:INCREASING,FR,https://www.leboncoin.fr/recherche?category=2&u_car_brand=MERCEDES-BENZ&u_car_model=MERCEDES-BENZ_GLC&regdate=2023-2023&mileage=min-70000&fuel=6&owner_type=all&sort=price&order=asc,
MS_MERCEDESBENZ_GLC_2024_FR_NL,MERCEDES-BENZ,GLC,2024,70000,NL,https://www.marktplaats.nl/l/auto-s/mercedes-benz/f/glc+hybride-elektrisch-benzine/11690+13838/#f:10882|offeredSince:Altijd|mileageTo:70001|constructionYearFrom:2024|constructionYearTo:2024|sortBy:PRICE|sortOrder:INCREASING,FR,https://www.leboncoin.fr/recherche?category=2&u_car_brand=MERCEDES-BENZ&u_car_model=MERCEDES-BENZ_GLC&regdate=2024-2024&mileage=min-70000&fuel=6&owner_type=all&sort=price&order=asc,
MS_MERCEDESBENZ_GLC_2025_FR_NL,MERCEDES-BENZ,GLC,2025,70000,NL,https://www.marktplaats.nl/l/auto-s/mercedes-benz/f/glc+hybride-elektrisch-benzine/11690+13838/#f:10882|offeredSince:Altijd|mileageTo:70001|constructionYearFrom:2025|constructionYearTo:2025|sortBy:PRICE|sortOrder:INCREASING,FR,https://www.leboncoin.fr/recherche?category=2&u_car_brand=MERCEDES-BENZ&u_car_model=MERCEDES-BENZ_GLC&regdate=2025-2025&mileage=min-70000&fuel=6&owner_type=all&sort=price&order=asc,
MS_MERCEDESBENZ_CLASSEGLE_2021_FR_NL,MERCEDES-BENZ,Classe Gle,2021,70000,NL,https://www.marktplaats.nl/l/auto-s/mercedes-benz/f/gle+hybride-elektrisch-benzine/11593+13838/#f:10882|offeredSince:Altijd|mileageTo:70001|constructionYearFrom:2021|constructionYearTo:2021|sortBy:PRICE|sortOrder:INCREASING,FR,https://www.leboncoin.fr/recherche?category=2&u_car_brand=MERCEDES-BENZ&u_car_model=MERCEDES-BENZ_GLE&regdate=2021-2021&mileage=min-70000&fuel=6&owner_type=all&sort=price&order=asc,
MS_MERCEDESBENZ_CLASSEGLE_2022_FR_NL,MERCEDES-BENZ,Classe Gle,2022,70000,NL,https://www.marktplaats.nl/l/auto-s/mercedes-benz/f/gle+hybride-elektrisch-benzine/11593+13838/#f:10882|offeredSince:Altijd|mileageTo:70001|constructionYearFrom:2022|constructionYearTo:2022|sortBy:PRICE|sortOrder:INCREASING,FR,https://www.leboncoin.fr/recherche?category=2&u_car_brand=MERCEDES-BENZ&u_car_model=MERCEDES-BENZ_GLE&regdate=2022-2022&mileage=min-70000&fuel=6&owner_type=all&sort=price&order=asc,
MS_MERCEDESBENZ_CLASSEGLE_2023_FR_NL,MERCEDES-BENZ,Classe Gle,2023,70000,NL,https://www.marktplaats.nl/l/auto-s/mercedes-benz/f/gle+hybride-elektrisch-benzine/11593+13838/#f:10882|offeredSince:Altijd|mileageTo:70001|constructionYearFrom:2023|constructionYearTo:2023|sortBy:PRICE|sortOrder:INCREASING,FR,https://www.leboncoin.fr/recherche?category=2&u_car_brand=MERCEDES-BENZ&u_car_model=MERCEDES-BENZ_GLE&regdate=2023-2023&mileage=min-70000&fuel=6&owner_type=all&sort=price&order=asc,
MS_MERCEDESBENZ_CLASSEGLE_2024_FR_NL,MERCEDES-BENZ,Classe Gle,2024,70000,NL,https://www.marktplaats.nl/l/auto-s/mercedes-benz/f/gle+hybride-elektrisch-benzine/11593+13838/#f:10882|offeredSince:Altijd|mileageTo:70001|constructionYearFrom:2024|constructionYearTo:2024|sortBy:PRICE|sortOrder:INCREASING,FR,https://www.leboncoin.fr/recherche?category=2&u_car_brand=MERCEDES-BENZ&u_car_model=MERCEDES-BENZ_GLE&regdate=2024-2024&mileage=min-70000&fuel=6&owner_type=all&sort=price&order=asc,
MS_MERCEDESBENZ_CLASSEGLE_2025_FR_NL,MERCEDES-BENZ,Classe Gle,2025,70000,NL,https://www.marktplaats.nl/l/auto-s/mercedes-benz/f/gle+hybride-elektrisch-benzine/11593+13838/#f:10882|offeredSince:Altijd|mileageTo:70001|constructionYearFrom:2025|constructionYearTo:2025|sortBy:PRICE|sortOrder:INCREASING,FR,https://www.leboncoin.fr/recherche?category=2&u_car_brand=MERCEDES-BENZ&u_car_model=MERCEDES-BENZ_GLE&regdate=2025-2025&mileage=min-70000&fuel=6&owner_type=all&sort=price&order=asc,
MS_MERCEDESBENZ_CLASSES_2021_FR_NL,MERCEDES-BENZ,CLASSE S,2021,70000,NL,https://www.marktplaats.nl/l/auto-s/mercedes-benz/f/s-klasse+hybride-elektrisch-benzine/969+13838/#f:10882|offeredSince:Altijd|mileageTo:70001|constructionYearFrom:2021|constructionYearTo:2021|sortBy:PRICE|sortOrder:INCREASING,FR,https://www.leboncoin.fr/recherche?category=2&u_car_brand=MERCEDES-BENZ&u_car_model=MERCEDES-BENZ_Classe+S&regdate=2021-2021&mileage=min-70000&fuel=6&owner_type=all&sort=price&order=asc,
MS_MERCEDESBENZ_CLASSES_2022_FR_NL,MERCEDES-BENZ,CLASSE S,2022,70000,NL,https://www.marktplaats.nl/l/auto-s/mercedes-benz/f/s-klasse+hybride-elektrisch-benzine/969+13838/#f:10882|offeredSince:Altijd|mileageTo:70001|constructionYearFrom:2022|constructionYearTo:2022|sortBy:PRICE|sortOrder:INCREASING,FR,https://www.leboncoin.fr/recherche?category=2&u_car_brand=MERCEDES-BENZ&u_car_model=MERCEDES-BENZ_Classe+S&regdate=2022-2022&mileage=min-70000&fuel=6&owner_type=all&sort=price&order=asc,
MS_MERCEDESBENZ_CLASSES_2023_FR_NL,MERCEDES-BENZ,CLASSE S,2023,70000,NL,https://www.marktplaats.nl/l/auto-s/mercedes-benz/f/s-klasse+hybride-elektrisch-benzine/969+13838/#f:10882|offeredSince:Altijd|mileageTo:70001|constructionYearFrom:2023|constructionYearTo:2023|sortBy:PRICE|sortOrder:INCREASING,FR,https://www.leboncoin.fr/recherche?category=2&u_car_brand=MERCEDES-BENZ&u_car_model=MERCEDES-BENZ_Classe+S&regdate=2023-2023&mileage=min-70000&fuel=6&owner_type=all&sort=price&order=asc,
MS_MERCEDESBENZ_CLASSES_2024_FR_NL,MERCEDES-BENZ,CLASSE S,2024,70000,NL,https://www.marktplaats.nl/l/auto-s/mercedes-benz/f/s-klasse+hybride-elektrisch-benzine/969+13838/#f:10882|offeredSince:Altijd|mileageTo:70001|constructionYearFrom:2024|constructionYearTo:2024|sortBy:PRICE|sortOrder:INCREASING,FR,https://www.leboncoin.fr/recherche?category=2&u_car_brand=MERCEDES-BENZ&u_car_model=MERCEDES-BENZ_Classe+S&regdate=2024-2024&mileage=min-70000&fuel=6&owner_type=all&sort=price&order=asc,
MS_MERCEDESBENZ_CLASSES_2025_FR_NL,MERCEDES-BENZ,CLASSE S,2025,70000,NL,https://www.marktplaats.nl/l/auto-s/mercedes-benz/f/s-klasse+hybride-elektrisch-benzine/969+13838/#f:10882|offeredSince:Altijd|mileageTo:70001|constructionYearFrom:2025|constructionYearTo:2025|sortBy:PRICE|sortOrder:INCREASING,FR,https://www.leboncoin.fr/recherche?category=2&u_car_brand=MERCEDES-BENZ&u_car_model=MERCEDES-BENZ_Classe+S&regdate=2025-2025&mileage=min-70000&fuel=6&owner_type=all&sort=price&order=asc,
MS_NISSAN_JUKE_2022_FR_NL,NISSAN,JUKE,2022,70000,NL,https://www.marktplaats.nl/l/auto-s/nissan/f/juke+hybride-elektrisch-benzine/1043+13838/#f:10882|offeredSince:Altijd|constructionYearFrom:2022|constructionYearTo:2022|mileageTo:70001|sortBy:PRICE|sortOrder:INCREASING,FR,https://www.leboncoin.fr/recherche?category=2&u_car_brand=NISSAN&u_car_model=NISSAN_Juke&regdate=2022-2022&mileage=min-70000&fuel=6&owner_type=all&sort=price&order=asc,
MS_NISSAN_JUKE_2023_FR_NL,NISSAN,JUKE,2023,70000,NL,https://www.marktplaats.nl/l/auto-s/nissan/f/juke+hybride-elektrisch-benzine/1043+13838/#f:10882|offeredSince:Altijd|mileageTo:70001|constructionYearFrom:2023|constructionYearTo:2023|sortBy:PRICE|sortOrder:INCREASING,FR,https://www.leboncoin.fr/recherche?category=2&u_car_brand=NISSAN&u_car_model=NISSAN_Juke&regdate=2023-2023&mileage=min-70000&fuel=6&owner_type=all&sort=price&order=asc,
MS_NISSAN_JUKE_2024_FR_NL,NISSAN,JUKE,2024,70000,NL,https://www.marktplaats.nl/l/auto-s/nissan/f/juke+hybride-elektrisch-benzine/1043+13838/#f:10882|offeredSince:Altijd|mileageTo:70001|constructionYearFrom:2024|constructionYearTo:2024|sortBy:PRICE|sortOrder:INCREASING,FR,https://www.leboncoin.fr/recherche?category=2&u_car_brand=NISSAN&u_car_model=NISSAN_Juke&regdate=2024-2024&mileage=min-70000&fuel=6&owner_type=all&sort=price&order=asc,
MS_NISSAN_JUKE_2025_FR_NL,NISSAN,JUKE,2025,70000,NL,https://www.marktplaats.nl/l/auto-s/nissan/f/juke+hybride-elektrisch-benzine/1043+13838/#f:10882|offeredSince:Altijd|mileageTo:70001|constructionYearFrom:2025|constructionYearTo:2025|sortBy:PRICE|sortOrder:INCREASING,FR,https://www.leboncoin.fr/recherche?category=2&u_car_brand=NISSAN&u_car_model=NISSAN_Juke&regdate=2025-2025&mileage=min-70000&fuel=6&owner_type=all&sort=price&order=asc,
MS_NISSAN_QASHQAI_2022_FR_NL,NISSAN,QASHQAI,2022,70000,NL,https://www.marktplaats.nl/l/auto-s/nissan/f/qashqai+hybride-elektrisch-benzine/1033+13838/#q:e|f:10882|offeredSince:Altijd|mileageTo:70001|constructionYearFrom:2022|constructionYearTo:2022|sortBy:PRICE|sortOrder:INCREASING,FR,"https://www.leboncoin.fr/recherche?category=2&regdate=2022-2022&mileage=min-70000&horse_power_din=190-max&u_car_brand=NISSAN&u_car_model=NISSAN_Qashqai&fuel=6,8&owner_type=all&sort=price&order=asc",
MS_NISSAN_QASHQAI_2023_FR_NL,NISSAN,QASHQAI,2023,70000,NL,https://www.marktplaats.nl/l/auto-s/nissan/f/qashqai+hybride-elektrisch-benzine/1033+13838/#q:e|f:10882|offeredSince:Altijd|mileageTo:70001|constructionYearFrom:2023|constructionYearTo:2023|sortBy:PRICE|sortOrder:INCREASING,FR,"https://www.leboncoin.fr/recherche?category=2&regdate=2023-2023&mileage=min-70000&horse_power_din=190-max&u_car_brand=NISSAN&u_car_model=NISSAN_Qashqai&fuel=6,8&owner_type=all&sort=price&order=asc",
MS_NISSAN_QASHQAI_2024_FR_NL,NISSAN,QASHQAI,2024,70000,NL,https://www.marktplaats.nl/l/auto-s/nissan/f/qashqai+hybride-elektrisch-benzine/1033+13838/#q:e|f:10882|offeredSince:Altijd|mileageTo:70001|constructionYearFrom:2024|constructionYearTo:2024|sortBy:PRICE|sortOrder:INCREASING,FR,"https://www.leboncoin.fr/recherche?category=2&regdate=2024-2024&mileage=min-70000&horse_power_din=190-max&u_car_brand=NISSAN&u_car_model=NISSAN_Qashqai&fuel=6,8&owner_type=all&sort=price&order=asc",
MS_NISSAN_QASHQAI_2025_FR_NL,NISSAN,QASHQAI,2025,70000,NL,https://www.marktplaats.nl/l/auto-s/nissan/f/qashqai+hybride-elektrisch-benzine/1033+13838/#q:e|f:10882|offeredSince:Altijd|mileageTo:70001|constructionYearFrom:2025|constructionYearTo:2025|sortBy:PRICE|sortOrder:INCREASING,FR,"https://www.leboncoin.fr/recherche?category=2&regdate=2025-2025&mileage=min-70000&horse_power_din=190-max&u_car_brand=NISSAN&u_car_model=NISSAN_Qashqai&fuel=6,8&owner_type=all&sort=price&order=asc",
MS_NISSAN_XTRAIL_2022_FR_NL,NISSAN,X-TRAIL,2022,70000,NL,https://www.marktplaats.nl/l/auto-s/nissan/f/x-trail+hybride-elektrisch-benzine/1027+13838/#f:10882%7CofferedSince:Altijd%7CmileageTo:70001%7CconstructionYearFrom:2022%7CconstructionYearTo:2022%7CsortBy:PRICE%7CsortOrder:INCREASING,FR,https://www.leboncoin.fr/recherche?category=2&u_car_brand=NISSAN&u_car_model=NISSAN_X-Trail&regdate=2022-2022&mileage=min-70000&fuel=6&owner_type=all&sort=price&order=asc,
MS_NISSAN_XTRAIL_2023_FR_NL,NISSAN,X-TRAIL,2023,70000,NL,https://www.marktplaats.nl/l/auto-s/nissan/f/x-trail+hybride-elektrisch-benzine/1027+13838/#f:10882|offeredSince:Altijd|mileageTo:70001|constructionYearFrom:2023|constructionYearTo:2023|sortBy:PRICE|sortOrder:INCREASING,FR,https://www.leboncoin.fr/recherche?category=2&u_car_brand=NISSAN&u_car_model=NISSAN_X-Trail&regdate=2023-2023&mileage=min-70000&fuel=6&owner_type=all&sort=price&order=asc,
MS_NISSAN_XTRAIL_2024_FR_NL,NISSAN,X-TRAIL,2024,70000,NL,https://www.marktplaats.nl/l/auto-s/nissan/f/x-trail+hybride-elektrisch-benzine/1027+13838/#f:10882|offeredSince:Altijd|mileageTo:70001|constructionYearFrom:2024|constructionYearTo:2024|sortBy:PRICE|sortOrder:INCREASING,FR,https://www.leboncoin.fr/recherche?category=2&u_car_brand=NISSAN&u_car_model=NISSAN_X-Trail&regdate=2024-2024&mileage=min-70000&fuel=6&owner_type=all&sort=price&order=asc,
MS_NISSAN_XTRAIL_2025_FR_NL,NISSAN,X-TRAIL,2025,70000,NL,https://www.marktplaats.nl/l/auto-s/nissan/f/x-trail+hybride-elektrisch-benzine/1027+13838/#f:10882|offeredSince:Altijd|mileageTo:70001|constructionYearFrom:2025|constructionYearTo:2025|sortBy:PRICE|sortOrder:INCREASING,FR,https://www.leboncoin.fr/recherche?category=2&u_car_brand=NISSAN&u_car_model=NISSAN_X-Trail&regdate=2025-2025&mileage=min-70000&fuel=6&owner_type=all&sort=price&order=asc,
MS_PEUGEOT_2008_2021_FR_NL,PEUGEOT,2008,2021,70000,NL,https://www.marktplaats.nl/l/auto-s/peugeot/f/2008+hybride-elektrisch-benzine/10776+13838/#f:10882|offeredSince:Altijd|mileageTo:70001|constructionYearFrom:2021|constructionYearTo:2021,FR,https://www.leboncoin.fr/recherche?category=2&regdate=2021-2021&mileage=min-70000&u_car_brand=PEUGEOT&u_car_model=PEUGEOT_2008&fuel=4&gearbox=2&owner_type=all&sort=price&order=asc,
MS_PEUGEOT_2008_2022_FR_NL,PEUGEOT,2008,2022,70000,NL,https://www.marktplaats.nl/l/auto-s/peugeot/f/2008+hybride-elektrisch-benzine/10776+13838/#f:10882|offeredSince:Altijd|mileageTo:70001|constructionYearFrom:2022|constructionYearTo:2022,FR,https://www.leboncoin.fr/recherche?category=2&regdate=2021-2022&mileage=min-70000&u_car_brand=PEUGEOT&u_car_model=PEUGEOT_2008&fuel=4&gearbox=2&owner_type=all&sort=price&order=asc,
MS_PEUGEOT_2008_2023_FR_NL,PEUGEOT,2008,2023,70000,NL,https://www.marktplaats.nl/l/auto-s/peugeot/f/2008+hybride-elektrisch-benzine/10776+13838/#f:10882|offeredSince:Altijd|mileageTo:70001|constructionYearFrom:2023|constructionYearTo:2023,FR,https://www.leboncoin.fr/recherche?category=2&regdate=2022-2023&mileage=min-70000&u_car_brand=PEUGEOT&u_car_model=PEUGEOT_2008&fuel=4&gearbox=2&owner_type=all&sort=price&order=asc,
MS_PEUGEOT_2008_2024_FR_NL,PEUGEOT,2008,2024,70000,NL,https://www.marktplaats.nl/l/auto-s/peugeot/f/2008+hybride-elektrisch-benzine/10776+13838/#f:10882|offeredSince:Altijd|mileageTo:70001|constructionYearFrom:2024|constructionYearTo:2024,FR,https://www.leboncoin.fr/recherche?category=2&regdate=2023-2024&mileage=min-70000&u_car_brand=PEUGEOT&u_car_model=PEUGEOT_2008&fuel=4&gearbox=2&owner_type=all&sort=price&order=asc,
MS_PEUGEOT_2008_2025_FR_NL,PEUGEOT,2008,2025,70000,NL,"https://www.marktplaats.nl/l/auto-s/peugeot/f/2008+elektrisch/10776+11756/#f:10882,13838|offeredSince:Altijd|mileageTo:70001|constructionYearFrom:2025|constructionYearTo:2025",FR,https://www.leboncoin.fr/recherche?category=2&regdate=2025-2025&mileage=min-70000&u_car_brand=PEUGEOT&u_car_model=PEUGEOT_2008&fuel=4&gearbox=2&owner_type=all&sort=price&order=asc,
MS_PEUGEOT_308_2021_FR_NL,PEUGEOT,308,2021,70000,NL,https://www.marktplaats.nl/l/auto-s/peugeot/f/308+hybride-elektrisch-benzine/1099+13838/#f:10882|offeredSince:Altijd|constructionYearFrom:2021|constructionYearTo:2021|mileageTo:70001|sortBy:PRICE|sortOrder:INCREASING,FR,https://www.leboncoin.fr/recherche?category=2&regdate=2021-2021&mileage=min-70000&u_car_brand=PEUGEOT&u_car_model=PEUGEOT_308&fuel=8&owner_type=all&sort=price&order=asc,
MS_PEUGEOT_308_2022_FR_NL,PEUGEOT,308,2022,70000,NL,https://www.marktplaats.nl/l/auto-s/peugeot/f/308+hybride-elektrisch-benzine/1099+13838/#f:10882|offeredSince:Altijd|mileageTo:70001|constructionYearFrom:2022|constructionYearTo:2022|sortBy:PRICE|sortOrder:INCREASING,FR,https://www.leboncoin.fr/recherche?category=2&regdate=2022-2022&mileage=min-70000&u_car_brand=PEUGEOT&u_car_model=PEUGEOT_308&fuel=8&gearbox=2&owner_type=all&sort=price&order=asc,
MS_PEUGEOT_308_2023_FR_NL,PEUGEOT,308,2023,70000,NL,"https://www.marktplaats.nl/l/auto-s/peugeot/f/308+hybride-elektrisch-benzine/1099+13838/#f:10882,534|offeredSince:Altijd|mileageTo:70001|constructionYearFrom:2023|constructionYearTo:2023|sortBy:PRICE|sortOrder:INCREASING",FR,https://www.leboncoin.fr/recherche?category=2&regdate=2022-2023&mileage=min-70000&u_car_brand=PEUGEOT&u_car_model=PEUGEOT_308&fuel=8&gearbox=2&owner_type=all&sort=price&order=asc,
MS_PEUGEOT_308_2024_FR_NL,PEUGEOT,308,2024,70000,NL,"https://www.marktplaats.nl/l/auto-s/peugeot/f/308+hybride-elektrisch-benzine/1099+13838/#f:10882,534|offeredSince:Altijd|mileageTo:70001|constructionYearFrom:2024|constructionYearTo:2024|sortBy:PRICE|sortOrder:INCREASING",FR,https://www.leboncoin.fr/recherche?category=2&regdate=2023-2024&mileage=min-70000&u_car_brand=PEUGEOT&u_car_model=PEUGEOT_308&fuel=8&gearbox=2&owner_type=all&sort=price&order=asc,
MS_PEUGEOT_308_2025_FR_NL,PEUGEOT,308,2025,70000,NL,"https://www.marktplaats.nl/l/auto-s/peugeot/f/308+hybride-elektrisch-benzine/1099+13838/#f:10882,534|offeredSince:Altijd|mileageTo:70001|constructionYearFrom:2025|constructionYearTo:2025|sortBy:PRICE|sortOrder:INCREASING",FR,https://www.leboncoin.fr/recherche?category=2&regdate=2024-2025&mileage=min-70000&u_car_brand=PEUGEOT&u_car_model=PEUGEOT_308&fuel=8&gearbox=2&owner_type=all&sort=price&order=asc,
MS_PEUGEOT_508_2021_FR_NL,PEUGEOT,508,2021,70000,NL,https://www.marktplaats.nl/l/auto-s/peugeot/f/508+hybride-elektrisch-benzine/1109+13838/#f:10882|offeredSince:Altijd|constructionYearFrom:2021|constructionYearTo:2021|mileageTo:70001|sortBy:PRICE|sortOrder:INCREASING,FR,https://www.leboncoin.fr/recherche?category=2&regdate=2021-2021&mileage=min-70000&u_car_brand=PEUGEOT&u_car_model=PEUGEOT_508&fuel=8&owner_type=all&sort=price&order=asc,
MS_PEUGEOT_508_2022_FR_NL,PEUGEOT,508,2022,70000,NL,https://www.marktplaats.nl/l/auto-s/peugeot/f/508+hybride-elektrisch-benzine/1109+13838/#f:10882|offeredSince:Altijd|mileageTo:70001|constructionYearFrom:2022|constructionYearTo:2022|sortBy:PRICE|sortOrder:INCREASING,FR,https://www.leboncoin.fr/recherche?category=2&regdate=2021-2022&mileage=min-70000&u_car_brand=PEUGEOT&u_car_model=PEUGEOT_508&fuel=8&owner_type=all&sort=price&order=asc,
MS_PEUGEOT_508_2023_FR_NL,PEUGEOT,508,2023,70000,NL,https://www.marktplaats.nl/l/auto-s/peugeot/f/508+hybride-elektrisch-benzine/1109+13838/#f:10882|offeredSince:Altijd|mileageTo:70001|constructionYearFrom:2023|constructionYearTo:2023|sortBy:PRICE|sortOrder:INCREASING,FR,https://www.leboncoin.fr/recherche?category=2&regdate=2022-2023&mileage=min-70000&u_car_brand=PEUGEOT&u_car_model=PEUGEOT_508&fuel=8&owner_type=all&sort=price&order=asc,
MS_PEUGEOT_508_2024_FR_NL,PEUGEOT,508,2024,70000,NL,https://www.marktplaats.nl/l/auto-s/peugeot/f/508+hybride-elektrisch-benzine/1109+13838/#f:10882|offeredSince:Altijd|mileageTo:70001|constructionYearFrom:2024|constructionYearTo:2024|sortBy:PRICE|sortOrder:INCREASING,FR,https://www.leboncoin.fr/recherche?category=2&regdate=2024-2024&mileage=min-70000&u_car_brand=PEUGEOT&u_car_model=PEUGEOT_508&fuel=8&owner_type=all&sort=price&order=asc,
MS_PEUGEOT_508_2025_FR_NL,PEUGEOT,508,2025,70000,NL,https://www.marktplaats.nl/l/auto-s/peugeot/f/508+hybride-elektrisch-benzine/1109+13838/#f:10882|offeredSince:Altijd|mileageTo:70001|constructionYearFrom:2025|constructionYearTo:2025|sortBy:PRICE|sortOrder:INCREASING,FR,https://www.leboncoin.fr/recherche?category=2&regdate=2024-2025&mileage=min-70000&u_car_brand=PEUGEOT&u_car_model=PEUGEOT_508&fuel=8&owner_type=all&sort=price&order=asc,
MS_PORSCHE_911_CARRERA_S_2006_BVM,PORSCHE,911,2006,70000,IT,https://www.autoscout24.it/lst/porsche/911?atype=C&cy=I&damaged_listing=exclude&desc=0&fregfrom=2006&fregto=2006&gear=M&kmto=90000&powerfrom=257&powertype=hp&search_id=1cneo5rujxx&sort=price&source=homepage_search-mask&ustate=N%2CU,FR,https://www.leboncoin.fr/recherche?category=2&regdate=2006-2006&mileage=min-90000&horse_power_din=350-max&u_car_brand=PORSCHE&u_car_model=PORSCHE_911&gearbox=1&sort=price&order=asc,
MS_PORSCHE_911_CARRERA_S_2007_BVM,PORSCHE,911,2007,70000,IT,https://www.autoscout24.it/lst/porsche/911?atype=C&cy=I&damaged_listing=exclude&desc=0&fregfrom=2007&fregto=2007&gear=M&kmto=90000&powerfrom=257&powertype=hp&search_id=6y5oxqxuni&sort=price&source=homepage_search-mask&ustate=N%2CU,FR,https://www.leboncoin.fr/recherche?category=2&regdate=2007-2007&mileage=min-90000&horse_power_din=350-max&u_car_brand=PORSCHE&u_car_model=PORSCHE_911&gearbox=1&sort=price&order=asc,
MS_PORSCHE_911_CARRERA_S_2008_BVM,PORSCHE,911,2008,70000,IT,https://www.autoscout24.it/lst/porsche/911?atype=C&cy=I&damaged_listing=exclude&desc=0&fregfrom=2008&fregto=2008&gear=M&kmto=90000&powerfrom=257&powertype=hp&search_id=199406e65pr&sort=price&source=homepage_search-mask&ustate=N%2CU,FR,https://www.leboncoin.fr/recherche?category=2&regdate=2008-2008&mileage=min-90000&horse_power_din=350-max&u_car_brand=PORSCHE&u_car_model=PORSCHE_911&gearbox=1&sort=price&order=asc,
MS_RENAULT_ARKANA_2021_FR_NL,RENAULT,ARKANA,,70000,NL,https://www.marktplaats.nl/l/auto-s/renault/f/arkana+hybride-elektrisch-benzine/13786+13838/#f:10882|offeredSince:Altijd|mileageTo:70001|constructionYearFrom:2021|constructionYearTo:2021|sortBy:PRICE|sortOrder:INCREASING,FR,"https://www.leboncoin.fr/recherche?category=2&regdate=2021-2021&mileage=min-70000&u_car_brand=RENAULT&u_car_model=RENAULT_Classe%20S,RENAULT_X-Trail,RENAULT_508,RENAULT_Arkana&fuel=6&owner_type=all&sort=price&order=asc",
MS_RENAULT_ARKANA_2022_FR_NL,RENAULT,ARKANA,2022,70000,NL,https://www.marktplaats.nl/l/auto-s/renault/f/arkana+hybride-elektrisch-benzine/13786+13838/#f:10882|offeredSince:Altijd|constructionYearFrom:2022|constructionYearTo:2022|mileageTo:70001|sortBy:PRICE|sortOrder:INCREASING,FR,https://www.leboncoin.fr/recherche?category=2&u_car_brand=RENAULT&u_car_model=RENAULT_Classe+S%2CRENAULT_X-Trail%2CRENAULT_508%2CRENAULT_Arkana&regdate=2022-2022&mileage=min-70000&fuel=6&owner_type=all&sort=price&order=asc,
MS_RENAULT_ARKANA_2023_FR_NL,RENAULT,ARKANA,2023,70000,NL,https://www.marktplaats.nl/l/auto-s/renault/f/arkana+hybride-elektrisch-benzine/13786+13838/#f:10882|offeredSince:Altijd|mileageTo:70001|constructionYearFrom:2023|constructionYearTo:2023|sortBy:PRICE|sortOrder:INCREASING,FR,https://www.leboncoin.fr/recherche?category=2&u_car_brand=RENAULT&u_car_model=RENAULT_Classe+S%2CRENAULT_X-Trail%2CRENAULT_508%2CRENAULT_Arkana&regdate=2023-2023&mileage=min-70000&fuel=6&owner_type=all&sort=price&order=asc,
MS_RENAULT_ARKANA_2024_FR_NL,RENAULT,ARKANA,2024,70000,NL,https://www.marktplaats.nl/l/auto-s/renault/f/arkana+hybride-elektrisch-benzine/13786+13838/#f:10882|offeredSince:Altijd|mileageTo:70001|constructionYearFrom:2024|constructionYearTo:2024|sortBy:PRICE|sortOrder:INCREASING,FR,"https://www.leboncoin.fr/recherche?category=2&regdate=2021-2024&mileage=min-70000&u_car_brand=RENAULT&u_car_model=RENAULT_Classe%20S,RENAULT_X-Trail,RENAULT_508,RENAULT_Arkana&fuel=6&owner_type=all&sort=price&order=asc",
MS_RENAULT_ARKANA_2025_FR_NL,RENAULT,ARKANA,2025,70000,NL,https://www.marktplaats.nl/l/auto-s/renault/f/arkana+hybride-elektrisch-benzine/13786+13838/#f:10882|offeredSince:Altijd|mileageTo:70001|constructionYearFrom:2025|constructionYearTo:2025|sortBy:PRICE|sortOrder:INCREASING,FR,"https://www.leboncoin.fr/recherche?category=2&regdate=2024-2025&mileage=min-70000&u_car_brand=RENAULT&u_car_model=RENAULT_Classe%20S,RENAULT_X-Trail,RENAULT_508,RENAULT_Arkana&fuel=6&owner_type=all&sort=price&order=asc",
MS_RENAULT_CAPTUR_2021_BVA_FR_NL,RENAULT,CAPTUR,,70000,NL,"https://www.marktplaats.nl/l/auto-s/renault/f/captur+hybride-elektrisch-benzine/10890+13838/#f:10882,13956|offeredSince:Altijd|mileageTo:70001|constructionYearFrom:2021|constructionYearTo:2021|sortBy:PRICE|sortOrder:INCREASING",FR,"https://www.leboncoin.fr/recherche?category=2&regdate=2021-2021&mileage=min-70000&u_car_brand=RENAULT&u_car_model=RENAULT_Classe%20S,RENAULT_X-Trail,RENAULT_508,RENAULT_Captur&fuel=6&gearbox=2&owner_type=all&sort=price&order=asc",
MS_RENAULT_CAPTUR_2022_BVA_FR_NL,RENAULT,CAPTUR,2022,70000,NL,"https://www.marktplaats.nl/l/auto-s/renault/f/captur+hybride-elektrisch-benzine/10890+13838/#f:10882,13956|offeredSince:Altijd|mileageTo:70001|constructionYearFrom:2022|constructionYearTo:2022|sortBy:PRICE|sortOrder:INCREASING",FR,"https://www.leboncoin.fr/recherche?category=2&regdate=2021-2022&mileage=min-70000&u_car_brand=RENAULT&u_car_model=RENAULT_Classe%20S,RENAULT_X-Trail,RENAULT_508,RENAULT_Captur&fuel=6&gearbox=2&owner_type=all&sort=price&order=asc",
MS_RENAULT_CAPTUR_2023_BVA_FR_NL,RENAULT,CAPTUR,2023,70000,NL,"https://www.marktplaats.nl/l/auto-s/renault/f/captur+hybride-elektrisch-benzine/10890+13838/#f:10882,13956|offeredSince:Altijd|mileageTo:70001|constructionYearFrom:2023|constructionYearTo:2023|sortBy:PRICE|sortOrder:INCREASING",FR,"https://www.leboncoin.fr/recherche?category=2&regdate=2022-2023&mileage=min-70000&u_car_brand=RENAULT&u_car_model=RENAULT_Classe%20S,RENAULT_X-Trail,RENAULT_508,RENAULT_Captur&fuel=6&gearbox=2&owner_type=all&sort=price&order=asc",
MS_RENAULT_CAPTUR_2024_BVA_FR_NL,RENAULT,CAPTUR,2024,70000,NL,"https://www.marktplaats.nl/l/auto-s/renault/f/captur+hybride-elektrisch-benzine/10890+13838/#f:10882,13956|offeredSince:Altijd|mileageTo:70001|constructionYearFrom:2024|constructionYearTo:2024|sortBy:PRICE|sortOrder:INCREASING",FR,"https://www.leboncoin.fr/recherche?category=2&regdate=2024-2024&mileage=min-70000&u_car_brand=RENAULT&u_car_model=RENAULT_Classe%20S,RENAULT_X-Trail,RENAULT_508,RENAULT_Captur&fuel=6&gearbox=2&owner_type=all&sort=price&order=asc",
MS_RENAULT_CAPTUR_2025_BVA_FR_NL,RENAULT,CAPTUR,2025,70000,NL,"https://www.marktplaats.nl/l/auto-s/renault/f/captur+hybride-elektrisch-benzine/10890+13838/#f:10882,13956|offeredSince:Altijd|mileageTo:70001|constructionYearFrom:2025|constructionYearTo:2025|sortBy:PRICE|sortOrder:INCREASING",FR,"https://www.leboncoin.fr/recherche?category=2&regdate=2024-2025&mileage=min-70000&u_car_brand=RENAULT&u_car_model=RENAULT_Classe%20S,RENAULT_X-Trail,RENAULT_508,RENAULT_Captur&fuel=6&gearbox=2&owner_type=all&sort=price&order=asc",
MS_RENAULT_CLIO_2021_FR_NL,RENAULT,CLIO,,70000,NL,https://www.marktplaats.nl/l/auto-s/renault/f/clio+hybride-elektrisch-benzine/1125+13838/#f:10882|offeredSince:Altijd|mileageTo:70001|constructionYearFrom:2021|constructionYearTo:2021|sortBy:PRICE|sortOrder:INCREASING,FR,"https://www.leboncoin.fr/recherche?category=2&regdate=2021-2021&mileage=min-70000&u_car_brand=RENAULT&u_car_model=RENAULT_Classe%20S,RENAULT_X-Trail,RENAULT_508,RENAULT_Clio&fuel=6&gearbox=2&owner_type=all&sort=price&order=asc",
MS_RENAULT_CLIO_2022_FR_NL,RENAULT,CLIO,2022,70000,NL,https://www.marktplaats.nl/l/auto-s/renault/f/clio+hybride-elektrisch-benzine/1125+13838/#f:10882|offeredSince:Altijd|constructionYearFrom:2022|constructionYearTo:2022|mileageTo:70001|sortBy:PRICE|sortOrder:INCREASING,FR,"https://www.leboncoin.fr/recherche?category=2&regdate=2022-2022&mileage=min-70000&u_car_brand=RENAULT&u_car_model=RENAULT_Classe%20S,RENAULT_X-Trail,RENAULT_508,RENAULT_Clio&fuel=6&gearbox=2&owner_type=all&sort=price&order=asc",
MS_RENAULT_CLIO_2023_FR_NL,RENAULT,CLIO,2023,70000,NL,"https://www.marktplaats.nl/l/auto-s/renault/f/clio+hybride-elektrisch-benzine/1125+13838/#f:10882,534|offeredSince:Altijd|mileageTo:70001|constructionYearFrom:2023|constructionYearTo:2023|sortBy:PRICE|sortOrder:INCREASING",FR,"https://www.leboncoin.fr/recherche?category=2&regdate=2021-2023&mileage=min-70000&u_car_brand=RENAULT&u_car_model=RENAULT_Classe%20S,RENAULT_X-Trail,RENAULT_508,RENAULT_Clio&fuel=6&gearbox=2&owner_type=all&sort=price&order=asc",
MS_RENAULT_CLIO_2024_FR_NL,RENAULT,CLIO,2024,70000,NL,"https://www.marktplaats.nl/l/auto-s/renault/f/clio+hybride-elektrisch-benzine/1125+13838/#f:10882,534|offeredSince:Altijd|mileageTo:70001|constructionYearFrom:2024|constructionYearTo:2024|sortBy:PRICE|sortOrder:INCREASING",FR,"https://www.leboncoin.fr/recherche?category=2&regdate=2024-2024&mileage=min-70000&u_car_brand=RENAULT&u_car_model=RENAULT_Classe%20S,RENAULT_X-Trail,RENAULT_508,RENAULT_Clio&fuel=6&gearbox=2&owner_type=all&sort=price&order=asc",
MS_RENAULT_CLIO_2025_FR_NL,RENAULT,CLIO,2025,70000,NL,"https://www.marktplaats.nl/l/auto-s/renault/f/clio+hybride-elektrisch-benzine/1125+13838/#f:10882,534|offeredSince:Altijd|mileageTo:70001|constructionYearFrom:2025|constructionYearTo:2025|sortBy:PRICE|sortOrder:INCREASING",FR,"https://www.leboncoin.fr/recherche?category=2&regdate=2025-2025&mileage=min-70000&u_car_brand=RENAULT&u_car_model=RENAULT_Classe%20S,RENAULT_X-Trail,RENAULT_508,RENAULT_Clio&fuel=6&gearbox=2&owner_type=all&sort=price&order=asc",
MS_SUZUKI_IGNIS_2020_FR_NL,SUZUKI,IGNIS,2020,70000,NL,"https://www.marktplaats.nl/l/auto-s/suzuki/f/ignis+hybride-elektrisch-benzine/1217+13838/#f:10882,534|offeredSince:Altijd|mileageTo:70001|constructionYearFrom:2020|constructionYearTo:2020|sortBy:PRICE|sortOrder:INCREASING",FR,"https://www.leboncoin.fr/recherche?category=2&regdate=2020-2020&mileage=min-70000&u_car_brand=SUZUKI&u_car_model=SUZUKI_Classe%20S,SUZUKI_X-Trail,SUZUKI_508,SUZUKI_Clio,SUZUKI_Ignis&gearbox=2&fuel=1&owner_type=all&sort=price&order=asc",
MS_SUZUKI_IGNIS_2021_FR_NL,SUZUKI,IGNIS,2021,70000,NL,"https://www.marktplaats.nl/l/auto-s/suzuki/f/ignis+hybride-elektrisch-benzine/1217+13838/#f:10882,534|offeredSince:Altijd|mileageTo:70001|constructionYearFrom:2021|constructionYearTo:2021|sortBy:PRICE|sortOrder:INCREASING",FR,"https://www.leboncoin.fr/recherche?category=2&regdate=2021-2021&mileage=min-70000&u_car_brand=SUZUKI&u_car_model=SUZUKI_Classe%20S,SUZUKI_X-Trail,SUZUKI_508,SUZUKI_Clio,SUZUKI_Ignis&fuel=6&gearbox=2&owner_type=all&sort=price&order=asc",
MS_SUZUKI_IGNIS_2022_FR_NL,SUZUKI,IGNIS,2022,70000,NL,"https://www.marktplaats.nl/l/auto-s/suzuki/f/ignis+hybride-elektrisch-benzine/1217+13838/#f:10882,534|offeredSince:Altijd|mileageTo:70001|constructionYearFrom:2022|constructionYearTo:2022|sortBy:PRICE|sortOrder:INCREASING",FR,"https://www.leboncoin.fr/recherche?category=2&regdate=2022-2022&mileage=min-70000&u_car_brand=SUZUKI&u_car_model=SUZUKI_Classe%20S,SUZUKI_X-Trail,SUZUKI_508,SUZUKI_Clio,SUZUKI_Ignis&fuel=6&gearbox=2&owner_type=all&sort=price&order=asc",
MS_SUZUKI_IGNIS_2023_FR_NL,SUZUKI,IGNIS,2023,70000,NL,"https://www.marktplaats.nl/l/auto-s/suzuki/f/ignis+hybride-elektrisch-benzine/1217+13838/#f:10882,534|offeredSince:Altijd|mileageTo:70001|constructionYearFrom:2023|constructionYearTo:2023|sortBy:PRICE|sortOrder:INCREASING",FR,"https://www.leboncoin.fr/recherche?category=2&regdate=2023-2023&mileage=min-70000&u_car_brand=SUZUKI&u_car_model=SUZUKI_Classe%20S,SUZUKI_X-Trail,SUZUKI_508,SUZUKI_Clio,SUZUKI_Ignis&fuel=6&gearbox=2&owner_type=all&sort=price&order=asc",
MS_SUZUKI_IGNIS_2024_FR_NL,SUZUKI,IGNIS,2024,70000,NL,"https://www.marktplaats.nl/l/auto-s/suzuki/f/ignis+hybride-elektrisch-benzine/1217+13838/#f:10882,534|offeredSince:Altijd|mileageTo:70001|constructionYearFrom:2024|constructionYearTo:2024|sortBy:PRICE|sortOrder:INCREASING",FR,"https://www.leboncoin.fr/recherche?category=2&regdate=2024-2024&mileage=min-70000&u_car_brand=SUZUKI&u_car_model=SUZUKI_Classe%20S,SUZUKI_X-Trail,SUZUKI_508,SUZUKI_Clio,SUZUKI_Ignis&fuel=6&gearbox=2&owner_type=all&sort=price&order=asc",
MS_SUZUKI_IGNIS_2025_FR_NL,SUZUKI,IGNIS,2025,70000,NL,"https://www.marktplaats.nl/l/auto-s/suzuki/f/ignis+hybride-elektrisch-benzine/1217+13838/#f:10882,534|offeredSince:Altijd|mileageTo:70001|constructionYearFrom:2025|constructionYearTo:2025|sortBy:PRICE|sortOrder:INCREASING",FR,"https://www.leboncoin.fr/recherche?category=2&regdate=2025-2025&mileage=min-70000&u_car_brand=SUZUKI&u_car_model=SUZUKI_Classe%20S,SUZUKI_X-Trail,SUZUKI_508,SUZUKI_Clio,SUZUKI_Ignis&fuel=6&gearbox=2&owner_type=all&sort=price&order=asc",
MS_SUZUKI_SCROSS_2020_FR_NL,SUZUKI,S CROSS,2019,70000,NL,"https://www.marktplaats.nl/l/auto-s/suzuki/f/s-cross+hybride-elektrisch-benzine/10802+13838/#f:10882,534|offeredSince:Altijd|mileageTo:70001|constructionYearFrom:2020|constructionYearTo:2020|sortBy:PRICE|sortOrder:INCREASING",FR,"https://www.leboncoin.fr/recherche?category=2&regdate=2020-2021&mileage=min-70000&u_car_brand=SUZUKI&u_car_model=SUZUKI_Classe%20S,SUZUKI_X-Trail,SUZUKI_508,SUZUKI_Clio,SUZUKI_S-Cross&fuel=6&owner_type=all&sort=price&order=asc",
MS_SUZUKI_SCROSS_2021_FR_NL,SUZUKI,S CROSS,2021,70000,NL,"https://www.marktplaats.nl/l/auto-s/suzuki/f/s-cross+hybride-elektrisch-benzine/10802+13838/#f:10882,534|offeredSince:Altijd|mileageTo:70001|constructionYearFrom:2021|constructionYearTo:2021|sortBy:PRICE|sortOrder:INCREASING",FR,https://www.leboncoin.fr/recherche?category=2&u_car_brand=SUZUKI&u_car_model=SUZUKI_Classe+S%2CSUZUKI_X-Trail%2CSUZUKI_508%2CSUZUKI_Clio%2CSUZUKI_S-Cross&regdate=2021-2021&mileage=min-70000&fuel=6&owner_type=all&sort=price&order=asc,
MS_SUZUKI_SCROSS_2022_FR_NL,SUZUKI,S CROSS,2022,70000,NL,"https://www.marktplaats.nl/l/auto-s/suzuki/f/s-cross+hybride-elektrisch-benzine/10802+13838/#f:10882,534|offeredSince:Altijd|constructionYearFrom:2022|constructionYearTo:2022|mileageTo:70001|sortBy:PRICE|sortOrder:INCREASING",FR,https://www.leboncoin.fr/recherche?category=2&u_car_brand=SUZUKI&u_car_model=SUZUKI_Classe+S%2CSUZUKI_X-Trail%2CSUZUKI_508%2CSUZUKI_Clio%2CSUZUKI_S-Cross&regdate=2022-2022&mileage=min-70000&fuel=6&owner_type=all&sort=price&order=asc,
MS_SUZUKI_SCROSS_2023_FR_NL,SUZUKI,S CROSS,2023,70000,NL,"https://www.marktplaats.nl/l/auto-s/suzuki/f/s-cross+hybride-elektrisch-benzine/10802+13838/#f:10882,534|offeredSince:Altijd|mileageTo:70001|constructionYearFrom:2023|constructionYearTo:2023|sortBy:PRICE|sortOrder:INCREASING",FR,"https://www.leboncoin.fr/recherche?category=2&regdate=2022-2023&mileage=min-70000&u_car_brand=SUZUKI&u_car_model=SUZUKI_Classe%20S,SUZUKI_X-Trail,SUZUKI_508,SUZUKI_Clio,SUZUKI_S-Cross&fuel=6&gearbox=2&owner_type=all&sort=price&order=asc",
MS_SUZUKI_SCROSS_2024_FR_NL,SUZUKI,S CROSS,2024,70000,NL,"https://www.marktplaats.nl/l/auto-s/suzuki/f/s-cross+hybride-elektrisch-benzine/10802+13838/#f:10882,534|offeredSince:Altijd|mileageTo:70001|constructionYearFrom:2024|constructionYearTo:2024|sortBy:PRICE|sortOrder:INCREASING",FR,"https://www.leboncoin.fr/recherche?category=2&regdate=2024-2024&mileage=min-70000&u_car_brand=SUZUKI&u_car_model=SUZUKI_Classe%20S,SUZUKI_X-Trail,SUZUKI_508,SUZUKI_Clio,SUZUKI_S-Cross&fuel=6&gearbox=2&owner_type=all&sort=price&order=asc",
MS_SUZUKI_SCROSS_2025_FR_NL,SUZUKI,S CROSS,2025,70000,NL,"https://www.marktplaats.nl/l/auto-s/suzuki/f/s-cross+hybride-elektrisch-benzine/10802+13838/#f:10882,534|offeredSince:Altijd|mileageTo:70001|constructionYearFrom:2025|constructionYearTo:2025|sortBy:PRICE|sortOrder:INCREASING",FR,"https://www.leboncoin.fr/recherche?category=2&regdate=2024-2025&mileage=min-70000&u_car_brand=SUZUKI&u_car_model=SUZUKI_Classe%20S,SUZUKI_X-Trail,SUZUKI_508,SUZUKI_Clio,SUZUKI_S-Cross&fuel=6&gearbox=2&owner_type=all&sort=price&order=asc",
MS_SUZUKI_VITARA_2021_FR_NL,SUZUKI,VITARA,2019,70000,NL,https://www.marktplaats.nl/l/auto-s/suzuki/f/vitara+hybride-elektrisch-benzine/1216+13838/#f:10882|offeredSince:Altijd|mileageTo:70001|constructionYearFrom:2021|constructionYearTo:2021|sortBy:PRICE|sortOrder:INCREASING,FR,https://www.leboncoin.fr/recherche?category=2&u_car_brand=SUZUKI&u_car_model=SUZUKI_Classe+S%2CSUZUKI_X-Trail%2CSUZUKI_508%2CSUZUKI_Clio%2CSUZUKI_Vitara&regdate=2021-2021&mileage=min-70000&fuel=6&owner_type=all&sort=price&order=asc,
MS_SUZUKI_VITARA_2022_FR_NL,SUZUKI,VITARA,2020,70000,NL,https://www.marktplaats.nl/l/auto-s/suzuki/f/vitara+hybride-elektrisch-benzine/1216+13838/#f:10882|offeredSince:Altijd|constructionYearFrom:2022|constructionYearTo:2022|mileageTo:70001|sortBy:PRICE|sortOrder:INCREASING,FR,https://www.leboncoin.fr/recherche?category=2&u_car_brand=SUZUKI&u_car_model=SUZUKI_Classe+S%2CSUZUKI_X-Trail%2CSUZUKI_508%2CSUZUKI_Clio%2CSUZUKI_Vitara&regdate=2022-2022&mileage=min-70000&fuel=6&owner_type=all&sort=price&order=asc,
MS_SUZUKI_VITARA_2023_FR_NL,SUZUKI,VITARA,2021,70000,NL,https://www.marktplaats.nl/l/auto-s/suzuki/f/vitara+hybride-elektrisch-benzine/1216+13838/#f:10882|offeredSince:Altijd|mileageTo:70001|constructionYearFrom:2023|constructionYearTo:2023|sortBy:PRICE|sortOrder:INCREASING,FR,https://www.leboncoin.fr/recherche?category=2&u_car_brand=SUZUKI&u_car_model=SUZUKI_Classe+S%2CSUZUKI_X-Trail%2CSUZUKI_508%2CSUZUKI_Clio%2CSUZUKI_Vitara&regdate=2023-2023&mileage=min-70000&fuel=6&owner_type=all&sort=price&order=asc,
MS_SUZUKI_VITARA_2024_FR_NL,SUZUKI,VITARA,2022,70000,NL,https://www.marktplaats.nl/l/auto-s/suzuki/f/vitara+hybride-elektrisch-benzine/1216+13838/#f:10882|offeredSince:Altijd|mileageTo:70001|constructionYearFrom:2024|constructionYearTo:2024|sortBy:PRICE|sortOrder:INCREASING,FR,https://www.leboncoin.fr/recherche?category=2&u_car_brand=SUZUKI&u_car_model=SUZUKI_Classe+S%2CSUZUKI_X-Trail%2CSUZUKI_508%2CSUZUKI_Clio%2CSUZUKI_Vitara&regdate=2024-2024&mileage=min-70000&fuel=6&owner_type=all&sort=price&order=asc,
MS_TOYOTA_PRIUS_2017_FR_NL,TOYOTA,PRIUS,2017,70000,NL,"https://www.marktplaats.nl/l/auto-s/toyota/f/prius+hybride-elektrisch-benzine/1247+13838/#f:10882,13956|offeredSince:Altijd|constructionYearFrom:2017|constructionYearTo:2017|mileageTo:70001|sortBy:PRICE|sortOrder:INCREASING",FR,"https://www.leboncoin.fr/recherche?category=2&regdate=2017-2017&mileage=min-70000&horse_power_din=120-max&u_car_brand=TOYOTA&u_car_model=TOYOTA_Prius&fuel=6,8&sort=price&order=asc",
MS_TOYOTA_PRIUS_2018_FR_NL,TOYOTA,PRIUS,2018,70000,NL,https://www.marktplaats.nl/l/auto-s/toyota/f/prius+hybride-elektrisch-benzine/1247+13838/#f:10882|offeredSince:Altijd|mileageTo:70001|constructionYearFrom:2018|constructionYearTo:2018|engineHorsepowerFrom:120|sortBy:PRICE|sortOrder:INCREASING,FR,"https://www.leboncoin.fr/recherche?category=2&regdate=2018-2018&mileage=min-70000&horse_power_din=120-max&u_car_brand=TOYOTA&u_car_model=TOYOTA_Prius&fuel=6,8&sort=price&order=asc",
MS_TOYOTA_PRIUS_2019_FR_NL,TOYOTA,PRIUS,2019,70000,NL,https://www.marktplaats.nl/l/auto-s/toyota/f/prius+hybride-elektrisch-benzine/1247+13838/#f:10882|offeredSince:Altijd|mileageTo:70001|engineHorsepowerFrom:120|constructionYearFrom:2019|constructionYearTo:2019|sortBy:PRICE|sortOrder:INCREASING,FR,"https://www.leboncoin.fr/recherche?category=2&regdate=2018-2019&mileage=min-70000&horse_power_din=120-max&u_car_brand=TOYOTA&u_car_model=TOYOTA_Prius&fuel=6,8&sort=price&order=asc",
MS_TOYOTA_PRIUS_2020_FR_NL,TOYOTA,PRIUS,2020,70000,NL,https://www.marktplaats.nl/l/auto-s/toyota/f/prius+hybride-elektrisch-benzine/1247+13838/#f:10882|offeredSince:Altijd|mileageTo:70001|constructionYearFrom:2020|constructionYearTo:2021|engineHorsepowerFrom:120|sortBy:PRICE|sortOrder:INCREASING,FR,"https://www.leboncoin.fr/recherche?category=2&regdate=2020-2020&mileage=min-70000&horse_power_din=120-max&u_car_brand=TOYOTA&u_car_model=TOYOTA_Prius&fuel=6,8&sort=price&order=asc",
MS_TOYOTA_PRIUS_2021_FR_NL,TOYOTA,PRIUS,2021,70000,NL,https://www.marktplaats.nl/l/auto-s/toyota/f/prius+hybride-elektrisch-benzine/1247+13838/#f:10882|offeredSince:Altijd|mileageTo:70001|constructionYearFrom:2020|constructionYearTo:2021|engineHorsepowerFrom:120|sortBy:PRICE|sortOrder:INCREASING,FR,"https://www.leboncoin.fr/recherche?category=2&regdate=2021-2021&mileage=min-70000&horse_power_din=120-max&u_car_brand=TOYOTA&u_car_model=TOYOTA_Prius&fuel=6,8&sort=price&order=asc",
MS_TOYOTA_PRIUS_2022_FR_NL,TOYOTA,PRIUS,2022,70000,NL,https://www.marktplaats.nl/l/auto-s/toyota/f/prius+hybride-elektrisch-benzine/1247+13838/#f:10882|offeredSince:Altijd|mileageTo:70001|engineHorsepowerFrom:120|constructionYearFrom:2022|constructionYearTo:2022|sortBy:PRICE|sortOrder:INCREASING,FR,"https://www.leboncoin.fr/recherche?category=2&regdate=2021-2022&mileage=min-70000&horse_power_din=120-max&u_car_brand=TOYOTA&u_car_model=TOYOTA_Prius&fuel=6,8&sort=price&order=asc",
MS_TOYOTA_PRIUS_2023_FR_NL,TOYOTA,PRIUS,2023,70000,NL,https://www.marktplaats.nl/l/auto-s/toyota/f/prius+hybride-elektrisch-benzine/1247+13838/#f:10882|offeredSince:Altijd|mileageTo:70001|engineHorsepowerFrom:120|constructionYearFrom:2023|constructionYearTo:2023|sortBy:PRICE|sortOrder:INCREASING,FR,"https://www.leboncoin.fr/recherche?category=2&regdate=2023-2023&mileage=min-70000&horse_power_din=120-max&u_car_brand=TOYOTA&u_car_model=TOYOTA_Prius&fuel=6,8&sort=price&order=asc",
MS_TOYOTA_PRIUS_2024_FR_NL,TOYOTA,PRIUS,2024,70000,NL,https://www.marktplaats.nl/l/auto-s/toyota/f/prius+hybride-elektrisch-benzine/1247+13838/#f:10882|offeredSince:Altijd|mileageTo:70001|engineHorsepowerFrom:120|constructionYearFrom:2024|constructionYearTo:2024|sortBy:PRICE|sortOrder:INCREASING,FR,"https://www.leboncoin.fr/recherche?category=2&regdate=2024-2024&mileage=min-70000&horse_power_din=200-max&u_car_brand=TOYOTA&u_car_model=TOYOTA_Prius&fuel=6,8&sort=price&order=asc",
MS_TOYOTA_PRIUS_2025_FR_NL,TOYOTA,PRIUS,2025,70000,NL,https://www.marktplaats.nl/l/auto-s/toyota/f/prius+hybride-elektrisch-benzine/1247+13838/#f:10882|offeredSince:Altijd|mileageTo:70001|engineHorsepowerFrom:120|constructionYearFrom:2025|constructionYearTo:2025|sortBy:PRICE|sortOrder:INCREASING,FR,"https://www.leboncoin.fr/recherche?category=2&regdate=2025-2025&mileage=min-70000&horse_power_din=200-max&u_car_brand=TOYOTA&u_car_model=TOYOTA_Prius&fuel=6,8&sort=price&order=asc",
MS_VOLKSWAGEN_GOLF_2021_FR_NL,VOLKSWAGEN,GOLF,2021,70000,NL,https://www.marktplaats.nl/l/auto-s/volkswagen/f/golf+hybride-elektrisch-benzine/1260+13838/#f:10882|offeredSince:Altijd|constructionYearFrom:2021|constructionYearTo:2021|mileageTo:70001|engineHorsepowerFrom:225|sortBy:PRICE|sortOrder:INCREASING,FR,"https://www.leboncoin.fr/recherche?category=2&regdate=2021-2021&mileage=min-70000&horse_power_din=200-max&u_car_brand=VOLKSWAGEN&u_car_model=VOLKSWAGEN_Golf&fuel=8,6&gearbox=2&sort=price&order=asc",
MS_VOLKSWAGEN_GOLF_2022_FR_NL,VOLKSWAGEN,GOLF,2022,70000,NL,https://www.marktplaats.nl/l/auto-s/volkswagen/f/golf+hybride-elektrisch-benzine/1260+13838/#f:10882|offeredSince:Altijd|mileageTo:70001|engineHorsepowerFrom:225|constructionYearFrom:2022|constructionYearTo:2022|sortBy:PRICE|sortOrder:INCREASING,FR,"https://www.leboncoin.fr/recherche?category=2&regdate=2022-2022&mileage=min-70000&horse_power_din=200-max&u_car_brand=VOLKSWAGEN&u_car_model=VOLKSWAGEN_Golf&fuel=8,6&gearbox=2&sort=price&order=asc",
MS_VOLKSWAGEN_GOLF_2023_FR_NL,VOLKSWAGEN,GOLF,2023,70000,NL,https://www.marktplaats.nl/l/auto-s/volkswagen/f/golf+hybride-elektrisch-benzine/1260+13838/#f:10882|offeredSince:Altijd|mileageTo:70001|engineHorsepowerFrom:225|constructionYearFrom:2023|constructionYearTo:2023|sortBy:PRICE|sortOrder:INCREASING,FR,"https://www.leboncoin.fr/recherche?category=2&regdate=2023-2023&mileage=min-70000&horse_power_din=200-max&u_car_brand=VOLKSWAGEN&u_car_model=VOLKSWAGEN_Golf&fuel=8,6&gearbox=2&sort=price&order=asc",
MS_VOLKSWAGEN_GOLF_2024_FR_NL,VOLKSWAGEN,GOLF,2024,70000,NL,https://www.marktplaats.nl/l/auto-s/volkswagen/f/golf+hybride-elektrisch-benzine/1260+13838/#f:10882|offeredSince:Altijd|mileageTo:70001|engineHorsepowerFrom:225|constructionYearFrom:2024|constructionYearTo:2024|sortBy:PRICE|sortOrder:INCREASING,FR,"https://www.leboncoin.fr/recherche?category=2&regdate=2024-2024&mileage=min-70000&horse_power_din=200-max&u_car_brand=VOLKSWAGEN&u_car_model=VOLKSWAGEN_Golf&fuel=8,6&gearbox=2&sort=price&order=asc",
MS_VOLKSWAGEN_GOLF_2025_FR_NL,VOLKSWAGEN,GOLF,2025,70000,NL,https://www.marktplaats.nl/l/auto-s/volkswagen/f/golf+hybride-elektrisch-benzine/1260+13838/#f:10882|offeredSince:Altijd|mileageTo:70001|engineHorsepowerFrom:225|constructionYearFrom:2025|constructionYearTo:2025|sortBy:PRICE|sortOrder:INCREASING,FR,"https://www.leboncoin.fr/recherche?category=2&regdate=2025-2025&mileage=min-70000&horse_power_din=200-max&u_car_brand=VOLKSWAGEN&u_car_model=VOLKSWAGEN_Golf&fuel=8,6&gearbox=2&sort=price&order=asc",
MS_VOLKSWAGEN_MULTIVAN_2022_FR_NL,VOLKSWAGEN,MULTIVAN,2022,70000,NL,https://www.marktplaats.nl/l/auto-s/volkswagen/f/multivan+hybride-elektrisch-benzine/10654+13838/#f:10882|offeredSince:Altijd|mileageTo:70001|engineHorsepowerFrom:200|constructionYearFrom:2022|constructionYearTo:2022,FR,"https://www.leboncoin.fr/recherche?category=2&regdate=2022-2022&mileage=min-70000&horse_power_din=210-max&u_car_brand=VOLKSWAGEN&u_car_model=VOLKSWAGEN_Multivan&fuel=6,8&sort=price&order=asc",
MS_VOLKSWAGEN_MULTIVAN_2023_FR_NL,VOLKSWAGEN,MULTIVAN,2023,70000,NL,https://www.marktplaats.nl/l/auto-s/volkswagen/f/multivan+hybride-elektrisch-benzine/10654+13838/#f:10882|offeredSince:Altijd|mileageTo:70001|engineHorsepowerFrom:200|constructionYearFrom:2023|constructionYearTo:2023|sortBy:PRICE|sortOrder:INCREASING,FR,"https://www.leboncoin.fr/recherche?category=2&regdate=2023-2023&mileage=min-70000&horse_power_din=210-max&u_car_brand=VOLKSWAGEN&u_car_model=VOLKSWAGEN_Multivan&fuel=6,8&sort=price&order=asc",
MS_VOLKSWAGEN_MULTIVAN_2024_FR_NL,VOLKSWAGEN,MULTIVAN,2024,70000,NL,https://www.marktplaats.nl/l/auto-s/volkswagen/f/multivan+hybride-elektrisch-benzine/10654+13838/#f:10882|offeredSince:Altijd|mileageTo:70001|engineHorsepowerFrom:200|constructionYearFrom:2024|constructionYearTo:2024|sortBy:PRICE|sortOrder:INCREASING,FR,"https://www.leboncoin.fr/recherche?category=2&regdate=2023-2024&mileage=min-70000&horse_power_din=210-max&u_car_brand=VOLKSWAGEN&u_car_model=VOLKSWAGEN_Multivan&fuel=6,8&sort=price&order=asc",
MS_VOLKSWAGEN_MULTIVAN_2025_FR_NL,VOLKSWAGEN,MULTIVAN,2025,70000,NL,https://www.marktplaats.nl/l/auto-s/volkswagen/f/multivan+hybride-elektrisch-benzine/10654+13838/#f:10882|offeredSince:Altijd|mileageTo:70001|engineHorsepowerFrom:200|constructionYearFrom:2025|constructionYearTo:2025|sortBy:PRICE|sortOrder:INCREASING,FR,"https://www.leboncoin.fr/recherche?category=2&regdate=2024-2025&mileage=min-70000&horse_power_din=210-max&u_car_brand=VOLKSWAGEN&u_car_model=VOLKSWAGEN_Multivan&fuel=6,8&sort=price&order=asc",
MS_VOLKSWAGEN_TOUAREG_2021_FR_NL,VOLKSWAGEN,TOUAREG,2021,70000,NL,https://www.marktplaats.nl/l/auto-s/volkswagen/f/touareg+hybride-elektrisch-benzine/1276+13838/#f:10882|offeredSince:Altijd|mileageTo:70001|engineHorsepowerFrom:350|constructionYearFrom:2021|constructionYearTo:2021|sortBy:PRICE|sortOrder:INCREASING,FR,"https://www.leboncoin.fr/recherche?category=2&regdate=2021-2021&mileage=min-70000&horse_power_din=380-max&u_car_brand=VOLKSWAGEN&u_car_model=VOLKSWAGEN_Touareg&fuel=6,8&sort=price&order=asc",
MS_VOLKSWAGEN_TOUAREG_2022_FR_NL,VOLKSWAGEN,TOUAREG,2022,70000,NL,https://www.marktplaats.nl/l/auto-s/volkswagen/f/touareg+hybride-elektrisch-benzine/1276+13838/#f:10882|offeredSince:Altijd|mileageTo:70001|constructionYearFrom:2022|constructionYearTo:2022|sortBy:PRICE|sortOrder:INCREASING,FR,"https://www.leboncoin.fr/recherche?category=2&regdate=2022-2022&mileage=min-70000&horse_power_din=380-max&u_car_brand=VOLKSWAGEN&u_car_model=VOLKSWAGEN_Touareg&fuel=6,8&sort=price&order=asc",
MS_VOLKSWAGEN_TOUAREG_2023_FR_NL,VOLKSWAGEN,TOUAREG,2023,70000,NL,https://www.marktplaats.nl/l/auto-s/volkswagen/f/touareg+hybride-elektrisch-benzine/1276+13838/#f:10882|offeredSince:Altijd|mileageTo:70001|constructionYearFrom:2023|constructionYearTo:2023|engineHorsepowerFrom:350|sortBy:PRICE|sortOrder:INCREASING,FR,"https://www.leboncoin.fr/recherche?category=2&regdate=2023-2023&mileage=min-70000&horse_power_din=380-max&u_car_brand=VOLKSWAGEN&u_car_model=VOLKSWAGEN_Touareg&fuel=6,8&sort=price&order=asc",
MS_VOLKSWAGEN_TOUAREG_2024_FR_NL,VOLKSWAGEN,TOUAREG,2024,70000,NL,https://www.marktplaats.nl/l/auto-s/volkswagen/f/touareg+hybride-elektrisch-benzine/1276+13838/#f:10882|offeredSince:Altijd|mileageTo:70001|engineHorsepowerFrom:350|constructionYearFrom:2024|constructionYearTo:2024|sortBy:PRICE|sortOrder:INCREASING,FR,"https://www.leboncoin.fr/recherche?category=2&regdate=2024-2024&mileage=min-70000&horse_power_din=380-max&u_car_brand=VOLKSWAGEN&u_car_model=VOLKSWAGEN_Touareg&fuel=6,8&sort=price&order=asc",
MS_VOLKSWAGEN_TOUAREG_2025_FR_NL,VOLKSWAGEN,TOUAREG,2025,70000,NL,https://www.marktplaats.nl/l/auto-s/volkswagen/f/touareg+hybride-elektrisch-benzine/1276+13838/#f:10882|offeredSince:Altijd|mileageTo:70001|engineHorsepowerFrom:350|constructionYearFrom:2025|constructionYearTo:2025|sortBy:PRICE|sortOrder:INCREASING,FR,"https://www.leboncoin.fr/recherche?category=2&regdate=2025-2025&mileage=min-70000&horse_power_din=380-max&u_car_brand=VOLKSWAGEN&u_car_model=VOLKSWAGEN_Touareg&fuel=6,8&sort=price&order=asc",
MS_HONDA_CRV_2023_FR_NL,HONDA,CR-V,2023,70000,NL,https://www.marktplaats.nl/l/auto-s/honda/f/cr-v/816/#f:10882|offeredSince:Altijd|mileageTo:70001|engineHorsepowerFrom:140|constructionYearFrom:2023|constructionYearTo:2023|sortBy:PRICE|sortOrder:INCREASING,FR,"https://www.leboncoin.fr/recherche?category=2&regdate=2023-2023&mileage=min-70000&horse_power_din=180-max&u_car_brand=HONDA&u_car_model=HONDA_CR-V&fuel=6,8&owner_type=all&sort=price&order=asc",
MS_HONDA_CRV_2024_FR_NL,HONDA,CR-V,2024,70000,NL,https://www.marktplaats.nl/l/auto-s/honda/f/cr-v/816/#f:10882|offeredSince:Altijd|mileageTo:70001|engineHorsepowerFrom:140|constructionYearFrom:2024|constructionYearTo:2024|sortBy:PRICE|sortOrder:INCREASING,FR,"https://www.leboncoin.fr/recherche?category=2&regdate=2023-2024&mileage=min-70000&horse_power_din=180-max&u_car_brand=HONDA&u_car_model=HONDA_CR-V&fuel=6,8&owner_type=all&sort=price&order=asc",
MS_HONDA_CRV_2025_FR_NL,HONDA,CR-V,2025,70000,NL,https://www.marktplaats.nl/l/auto-s/honda/f/cr-v/816/#f:10882|offeredSince:Altijd|mileageTo:70001|engineHorsepowerFrom:140|constructionYearFrom:2025|constructionYearTo:2025|sortBy:PRICE|sortOrder:INCREASING,FR,"https://www.leboncoin.fr/recherche?category=2&regdate=2025-2025&mileage=min-70000&horse_power_din=180-max&u_car_brand=HONDA&u_car_model=HONDA_CR-V&fuel=6,8&owner_type=all&sort=price&order=asc",
MS_HONDA_HRV_2021_FR_NL,HONDA,HR-V,2021,70000,NL,https://www.marktplaats.nl/l/auto-s/honda/f/hr-v+hybride-elektrisch-benzine/818+13838/#f:10882|offeredSince:Altijd|mileageTo:70001|constructionYearFrom:2021|constructionYearTo:2021|sortBy:PRICE|sortOrder:INCREASING,FR,https://www.leboncoin.fr/recherche?category=2&u_car_brand=HONDA&u_car_model=HONDA_HR-V&regdate=2021-2021&mileage=min-70000&fuel=6&owner_type=all&sort=price&order=asc,
MS_HONDA_HRV_2022_FR_NL,HONDA,HR-V,2022,70000,NL,https://www.marktplaats.nl/l/auto-s/honda/f/hr-v+hybride-elektrisch-benzine/818+13838/#f:10882|offeredSince:Altijd|mileageTo:70001|constructionYearFrom:2022|constructionYearTo:2022|sortBy:PRICE|sortOrder:INCREASING,FR,https://www.leboncoin.fr/recherche?category=2&u_car_brand=HONDA&u_car_model=HONDA_Q8%2CHONDA_X5%2CHONDA_Puma%2CHONDA_HR-V&regdate=2022-max&mileage=min-70000&fuel=6&owner_type=all&sort=price&order=asc,
MS_HONDA_HRV_2023_FR_NL,HONDA,HR-V,2023,70000,NL,https://www.marktplaats.nl/l/auto-s/honda/f/hr-v+hybride-elektrisch-benzine/818+13838/#f:10882|offeredSince:Altijd|mileageTo:70001|constructionYearFrom:2023|constructionYearTo:2023|sortBy:PRICE|sortOrder:INCREASING,FR,https://www.leboncoin.fr/recherche?category=2&u_car_brand=HONDA&u_car_model=HONDA_HR-V&regdate=2023-2023&mileage=min-70000&fuel=6&owner_type=all&sort=price&order=asc,
MS_HONDA_HRV_2024_FR_NL,HONDA,HR-V,2024,70000,NL,https://www.marktplaats.nl/l/auto-s/honda/f/hr-v+hybride-elektrisch-benzine/818+13838/#f:10882|offeredSince:Altijd|mileageTo:70001|constructionYearFrom:2024|constructionYearTo:2024|sortBy:PRICE|sortOrder:INCREASING,FR,https://www.leboncoin.fr/recherche?category=2&u_car_brand=HONDA&u_car_model=HONDA_HR-V&regdate=2024-2024&mileage=min-70000&fuel=6&owner_type=all&sort=price&order=asc,
MS_HONDA_HRV_2025_FR_NL,HONDA,HR-V,2025,70000,NL,https://www.marktplaats.nl/l/auto-s/honda/f/hr-v+hybride-elektrisch-benzine/818+13838/#f:10882|offeredSince:Altijd|mileageTo:70001|constructionYearFrom:2025|constructionYearTo:2025|sortBy:PRICE|sortOrder:INCREASING,FR,https://www.leboncoin.fr/recherche?category=2&u_car_brand=HONDA&u_car_model=HONDA_HR-V&regdate=2025-2025&mileage=min-70000&fuel=6&owner_type=all&sort=price&order=asc,
MS_FORD_FOCUS_2021_FR_NL,FORD,Focus,2021,70000,NL,https://www.marktplaats.nl/l/auto-s/ford/f/focus+hybride-elektrisch-benzine/784+13838/#f:10882|offeredSince:Altijd|mileageTo:70001|constructionYearFrom:2021|constructionYearTo:2021|sortBy:PRICE|sortOrder:INCREASING,FR,https://www.leboncoin.fr/recherche?category=2&u_car_brand=FORD&u_car_model=FORD_Focus&regdate=2021-2021&mileage=min-70000&fuel=6&owner_type=all&sort=price&order=asc,
MS_FORD_FOCUS_2022_FR_NL,FORD,Focus,2022,70000,NL,https://www.marktplaats.nl/l/auto-s/ford/f/focus+hybride-elektrisch-benzine/784+13838/#f:10882|offeredSince:Altijd|mileageTo:70001|constructionYearFrom:2022|constructionYearTo:2022|sortBy:PRICE|sortOrder:INCREASING,FR,"https://www.leboncoin.fr/recherche?category=2&regdate=2022-2022&mileage=min-70000&u_car_brand=FORD&u_car_model=FORD_Q8,FORD_X5,FORD_Focus&fuel=6&owner_type=all&sort=price&order=asc",
MS_FORD_FOCUS_2023_FR_NL,FORD,Focus,2023,70000,NL,https://www.marktplaats.nl/l/auto-s/ford/f/focus+hybride-elektrisch-benzine/784+13838/#f:10882|offeredSince:Altijd|mileageTo:70001|constructionYearFrom:2023|constructionYearTo:2023|sortBy:PRICE|sortOrder:INCREASING,FR,https://www.leboncoin.fr/recherche?category=2&u_car_brand=FORD&u_car_model=FORD_Focus&regdate=2023-2023&mileage=min-70000&fuel=6&owner_type=all&sort=price&order=asc,
MS_FORD_FOCUS_2024_FR_NL,FORD,Focus,2024,70000,NL,https://www.marktplaats.nl/l/auto-s/ford/f/focus+hybride-elektrisch-benzine/784+13838/#f:10882|offeredSince:Altijd|mileageTo:70001|constructionYearFrom:2024|constructionYearTo:2024|sortBy:PRICE|sortOrder:INCREASING,FR,https://www.leboncoin.fr/recherche?category=2&u_car_brand=FORD&u_car_model=FORD_Focus&regdate=2023-2023&mileage=min-70000&fuel=6&owner_type=all&sort=price&order=asc,
MS_FORD_FOCUS_2025_FR_NL,FORD,Focus,2025,70000,NL,https://www.marktplaats.nl/l/auto-s/ford/f/focus+hybride-elektrisch-benzine/784+13838/#f:10882|offeredSince:Altijd|mileageTo:70001|constructionYearFrom:2025|constructionYearTo:2025|sortBy:PRICE|sortOrder:INCREASING,FR,https://www.leboncoin.fr/recherche?category=2&u_car_brand=FORD&u_car_model=FORD_Focus&regdate=2025-2025&mileage=min-70000&fuel=6&owner_type=all&sort=price&order=asc,
MS_FORD_PUMA_2021_FR_NL,FORD,Puma,2021,70000,NL,https://www.marktplaats.nl/l/auto-s/ford/f/puma+hybride-elektrisch-benzine/796+13838/#f:10882|offeredSince:Altijd|constructionYearFrom:2021|constructionYearTo:2021|mileageTo:70001,FR,https://www.leboncoin.fr/recherche?category=2&u_car_brand=FORD&u_car_model=FORD_Puma&regdate=2021-2021&mileage=min-70000&fuel=6&owner_type=all&sort=price&order=asc,
MS_FORD_PUMA_2022_FR_NL,FORD,Puma,2022,70000,NL,https://www.marktplaats.nl/l/auto-s/ford/f/puma+hybride-elektrisch-benzine/796+13838/#f:10882|offeredSince:Altijd|mileageTo:70001|constructionYearFrom:2022|constructionYearTo:2022,FR,"https://www.leboncoin.fr/recherche?category=2&regdate=2022-2022&mileage=min-70000&u_car_brand=FORD&u_car_model=FORD_Q8,FORD_X5,FORD_Puma&fuel=6&owner_type=all&sort=price&order=asc",
MS_FORD_PUMA_2023_FR_NL,FORD,Puma,2023,70000,NL,https://www.marktplaats.nl/l/auto-s/ford/f/puma+hybride-elektrisch-benzine/796+13838/#f:10882|offeredSince:Altijd|mileageTo:70001|constructionYearFrom:2023|constructionYearTo:2023,FR,https://www.leboncoin.fr/recherche?category=2&u_car_brand=FORD&u_car_model=FORD_Puma&regdate=2023-2023&mileage=min-70000&fuel=6&owner_type=all&sort=price&order=asc,
MS_FORD_PUMA_2024_FR_NL,FORD,Puma,2024,70000,NL,https://www.marktplaats.nl/l/auto-s/ford/f/puma+hybride-elektrisch-benzine/796+13838/#f:10882|offeredSince:Altijd|mileageTo:70001|constructionYearFrom:2024|constructionYearTo:2024,FR,https://www.leboncoin.fr/recherche?category=2&u_car_brand=FORD&u_car_model=FORD_Puma&regdate=2024-2024&mileage=min-70000&fuel=6&owner_type=all&sort=price&order=asc,
MS_FORD_PUMA_2025_FR_NL,FORD,Puma,2025,70000,NL,https://www.marktplaats.nl/l/auto-s/ford/f/puma+hybride-elektrisch-benzine/796+13838/#f:10882|offeredSince:Altijd|mileageTo:70001|constructionYearFrom:2025|constructionYearTo:2025,FR,https://www.leboncoin.fr/recherche?category=2&u_car_brand=FORD&u_car_model=FORD_Puma&regdate=2025-2025&mileage=min-70000&fuel=6&owner_type=all&sort=price&order=asc,
MS_BMW_SÉRIE1_2024_FR_NL,BMW,Série 1,2024,70000,NL,https://www.marktplaats.nl/l/auto-s/bmw/f/1-serie+hybride-elektrisch-benzine/613+13838/#f:10882|offeredSince:Altijd|mileageTo:70001|constructionYearFrom:2024|constructionYearTo:2024,FR,"https://www.leboncoin.fr/recherche?category=2&regdate=2024-2024&mileage=min-70000&u_car_brand=BMW&u_car_model=BMW_Q8,BMW_Série%201&fuel=6&owner_type=all&sort=price&order=asc",
MS_BMW_SÉRIE1_2025_FR_NL,BMW,Série 1,2025,70000,NL,https://www.marktplaats.nl/l/auto-s/bmw/f/1-serie+hybride-elektrisch-benzine/613+13838/#f:10882|offeredSince:Altijd|mileageTo:70001|constructionYearFrom:2025|constructionYearTo:2025,FR,"https://www.leboncoin.fr/recherche?category=2&regdate=2025-2025&mileage=min-70000&u_car_brand=BMW&u_car_model=BMW_Q8,BMW_Série%201&fuel=6&owner_type=all&sort=price&order=asc",
MS_BMW_SÉRIE2_2021_FR_NL,BMW,Série 2,2021,70000,NL,"https://www.marktplaats.nl/l/auto-s/bmw/f/2-serie+hybride-elektrisch-benzine/10901+13838/#f:10882,11585|offeredSince:Altijd|mileageTo:70001|constructionYearFrom:2021|constructionYearTo:2021|engineHorsepowerFrom:200",FR,"https://www.leboncoin.fr/recherche?category=2&regdate=2021-2021&mileage=min-70000&horse_power_din=200-max&u_car_brand=BMW&u_car_model=BMW_Yaris%20Cross,BMW_Série%202&fuel=6,8&owner_type=all&sort=price&order=asc",
MS_BMW_SÉRIE2_2022_FR_NL,BMW,Série 2,2022,70000,NL,"https://www.marktplaats.nl/l/auto-s/bmw/f/2-serie+hybride-elektrisch-benzine/10901+13838/#f:10882,11585|offeredSince:Altijd|mileageTo:70001|engineHorsepowerFrom:200|constructionYearFrom:2022|constructionYearTo:2022|sortBy:PRICE|sortOrder:INCREASING",FR,"https://www.leboncoin.fr/recherche?category=2&regdate=2022-2022&mileage=min-70000&horse_power_din=240-max&u_car_brand=BMW&u_car_model=BMW_Q8,BMW_Série%202&fuel=6,8&owner_type=all&sort=price&order=asc",
MS_BMW_SÉRIE2_2023_FR_NL,BMW,Série 2,2023,70000,NL,"https://www.marktplaats.nl/l/auto-s/bmw/f/2-serie+hybride-elektrisch-benzine/10901+13838/#f:10882,11585|offeredSince:Altijd|mileageTo:70001|engineHorsepowerFrom:200|constructionYearFrom:2023|constructionYearTo:2023|sortBy:PRICE|sortOrder:INCREASING",FR,"https://www.leboncoin.fr/recherche?category=2&regdate=2023-2023&mileage=min-70000&horse_power_din=240-max&u_car_brand=BMW&u_car_model=BMW_Q8,BMW_Série%202&fuel=6,8&owner_type=all&sort=price&order=asc",
MS_BMW_SÉRIE2_2024_FR_NL,BMW,Série 2,2024,70000,NL,"https://www.marktplaats.nl/l/auto-s/bmw/f/2-serie+hybride-elektrisch-benzine/10901+13838/#f:10882,11585|offeredSince:Altijd|mileageTo:70001|engineHorsepowerFrom:200|constructionYearFrom:2024|constructionYearTo:2024|sortBy:PRICE|sortOrder:INCREASING",FR,"https://www.leboncoin.fr/recherche?category=2&regdate=2024-2024&mileage=min-70000&horse_power_din=240-max&u_car_brand=BMW&u_car_model=BMW_Q8,BMW_Série%202&fuel=6,8&owner_type=all&sort=price&order=asc",
MS_BMW_SÉRIE2_2025_FR_NL,BMW,Série 2,2025,70000,NL,"https://www.marktplaats.nl/l/auto-s/bmw/f/2-serie+hybride-elektrisch-benzine/10901+13838/#f:10882,11585|offeredSince:Altijd|mileageTo:70001|engineHorsepowerFrom:200|constructionYearFrom:2025|constructionYearTo:2025|sortBy:PRICE|sortOrder:INCREASING",FR,"https://www.leboncoin.fr/recherche?category=2&regdate=2025-2025&mileage=min-70000&horse_power_din=240-max&u_car_brand=BMW&u_car_model=BMW_Q8,BMW_Série%202&fuel=6,8&owner_type=all&sort=price&order=asc",
MS_BMW_SÉRIE3_2022_FR_NL,BMW,Série 3,2022,70000,NL,"https://www.marktplaats.nl/l/auto-s/bmw/f/3-serie+hybride-elektrisch-benzine/610+13838/#f:10882,13956|offeredSince:Altijd|mileageTo:70001|engineHorsepowerFrom:200|constructionYearFrom:2022|constructionYearTo:2022|sortBy:PRICE|sortOrder:INCREASING",FR,"https://www.leboncoin.fr/recherche?category=2&regdate=2022-2022&mileage=min-70000&horse_power_din=290-max&u_car_brand=BMW&u_car_model=BMW_Yaris%20Cross,BMW_Série%203&fuel=6,8&owner_type=all&sort=price&order=asc",
MS_BMW_SÉRIE3_2023_FR_NL,BMW,Série 3,2023,70000,NL,"https://www.marktplaats.nl/l/auto-s/bmw/f/3-serie+hybride-elektrisch-benzine/610+13838/#f:10882,13956|offeredSince:Altijd|mileageTo:70001|constructionYearFrom:2023|constructionYearTo:2023|engineHorsepowerFrom:200|sortBy:PRICE|sortOrder:INCREASING",FR,"https://www.leboncoin.fr/recherche?category=2&regdate=2023-2023&mileage=min-70000&horse_power_din=290-max&u_car_brand=BMW&u_car_model=BMW_Yaris%20Cross,BMW_Série%203&fuel=6,8&owner_type=all&sort=price&order=asc",
MS_BMW_SÉRIE3_2024_FR_NL,BMW,Série 3,2024,70000,NL,"https://www.marktplaats.nl/l/auto-s/bmw/f/3-serie+hybride-elektrisch-benzine/610+13838/#f:10882,13956|offeredSince:Altijd|mileageTo:70001|engineHorsepowerFrom:200|constructionYearFrom:2024|constructionYearTo:2024|sortBy:PRICE|sortOrder:INCREASING",FR,"https://www.leboncoin.fr/recherche?category=2&regdate=2024-2024&mileage=min-70000&horse_power_din=290-max&u_car_brand=BMW&u_car_model=BMW_Yaris%20Cross,BMW_Série%203&fuel=6,8&owner_type=all&sort=price&order=asc",
MS_BMW_SÉRIE3_2025_FR_NL,BMW,Série 3,2025,70000,NL,"https://www.marktplaats.nl/l/auto-s/bmw/f/3-serie+hybride-elektrisch-benzine/610+13838/#f:10882,13956|offeredSince:Altijd|mileageTo:70001|engineHorsepowerFrom:200|constructionYearFrom:2025|constructionYearTo:2025|sortBy:PRICE|sortOrder:INCREASING",FR,"https://www.leboncoin.fr/recherche?category=2&regdate=2025-2025&mileage=min-70000&horse_power_din=290-max&u_car_brand=BMW&u_car_model=BMW_Yaris%20Cross,BMW_Série%203&fuel=6,8&owner_type=all&sort=price&order=asc",
MS_BMW_SÉRIE5_2021_FR_NL,BMW,Série 5,2021,70000,NL,https://www.marktplaats.nl/l/auto-s/bmw/f/5-serie+hybride-elektrisch-benzine/611+13838/#f:10882|offeredSince:Altijd|mileageTo:70001|engineHorsepowerFrom:250|constructionYearFrom:2021|constructionYearTo:2021|sortBy:PRICE|sortOrder:INCREASING,FR,"https://www.leboncoin.fr/recherche?category=2&regdate=2021-2021&mileage=min-70000&horse_power_din=290-max&u_car_brand=BMW&u_car_model=BMW_Yaris%20Cross,BMW_Série%205&fuel=6,8&owner_type=all&sort=price&order=asc",
MS_BMW_SÉRIE5_2022_FR_NL,BMW,Série 5,2022,70000,NL,https://www.marktplaats.nl/l/auto-s/bmw/f/5-serie+hybride-elektrisch-benzine/611+13838/#f:10882|offeredSince:Altijd|mileageTo:70001|engineHorsepowerFrom:250|constructionYearFrom:2022|constructionYearTo:2022|sortBy:PRICE|sortOrder:INCREASING,FR,"https://www.leboncoin.fr/recherche?category=2&regdate=2022-2022&mileage=min-70000&horse_power_din=290-max&u_car_brand=BMW&u_car_model=BMW_Yaris%20Cross,BMW_Série%205&fuel=6,8&owner_type=all&sort=price&order=asc",
MS_BMW_SÉRIE5_2023_FR_NL,BMW,Série 5,2023,70000,NL,https://www.marktplaats.nl/l/auto-s/bmw/f/5-serie+hybride-elektrisch-benzine/611+13838/#f:10882|offeredSince:Altijd|mileageTo:70001|engineHorsepowerFrom:250|constructionYearFrom:2023|constructionYearTo:2023|sortBy:PRICE|sortOrder:INCREASING,FR,"https://www.leboncoin.fr/recherche?category=2&regdate=2023-2023&mileage=min-70000&horse_power_din=290-max&u_car_brand=BMW&u_car_model=BMW_Yaris%20Cross,BMW_Série%205&fuel=6,8&owner_type=all&sort=price&order=asc",
MS_BMW_SÉRIE5_2024_FR_NL,BMW,Série 5,2024,70000,NL,https://www.marktplaats.nl/l/auto-s/bmw/f/5-serie+hybride-elektrisch-benzine/611+13838/#f:10882|offeredSince:Altijd|mileageTo:70001|engineHorsepowerFrom:250|constructionYearFrom:2024|constructionYearTo:2024|sortBy:PRICE|sortOrder:INCREASING,FR,"https://www.leboncoin.fr/recherche?category=2&regdate=2024-2024&mileage=min-70000&horse_power_din=290-max&u_car_brand=BMW&u_car_model=BMW_Yaris%20Cross,BMW_Série%205&fuel=6,8&owner_type=all&sort=price&order=asc",
MS_BMW_SÉRIE5_2025_FR_NL,BMW,Série 5,2025,70000,NL,https://www.marktplaats.nl/l/auto-s/bmw/f/5-serie+hybride-elektrisch-benzine/611+13838/#f:10882|offeredSince:Altijd|mileageTo:70001|constructionYearFrom:2025|constructionYearTo:2025|engineHorsepowerFrom:250|sortBy:PRICE|sortOrder:INCREASING,FR,"https://www.leboncoin.fr/recherche?category=2&regdate=2025-2025&mileage=min-70000&horse_power_din=290-max&u_car_brand=BMW&u_car_model=BMW_Yaris%20Cross,BMW_Série%205&fuel=6,8&owner_type=all&sort=price&order=asc",
MS_BMW_X1_2021_FR_NL,BMW,X1,2021,70000,NL,https://www.marktplaats.nl/l/auto-s/bmw/f/x1+hybride-elektrisch-benzine/622+13838/#f:10882|offeredSince:Altijd|mileageTo:70001|constructionYearFrom:2021|constructionYearTo:2021|engineHorsepowerFrom:200|sortBy:PRICE|sortOrder:INCREASING,FR,"https://www.leboncoin.fr/recherche?category=2&regdate=2021-2021&mileage=min-70000&horse_power_din=219-max&u_car_brand=BMW&u_car_model=BMW_Yaris%20Cross,BMW_X1&fuel=6,8&owner_type=all&sort=price&order=asc",
MS_BMW_X1_2022_FR_NL,BMW,X1,2022,70000,NL,https://www.marktplaats.nl/l/auto-s/bmw/f/x1+hybride-elektrisch-benzine/622+13838/#f:10882|offeredSince:Altijd|mileageTo:70001|engineHorsepowerFrom:200|constructionYearFrom:2022|constructionYearTo:2022|sortBy:PRICE|sortOrder:INCREASING,FR,"https://www.leboncoin.fr/recherche?category=2&regdate=2022-2022&mileage=min-70000&horse_power_din=219-max&u_car_brand=BMW&u_car_model=BMW_Yaris%20Cross,BMW_X1&fuel=6,8&owner_type=all&sort=price&order=asc",
MS_BMW_X1_2023_FR_NL,BMW,X1,2023,70000,NL,https://www.marktplaats.nl/l/auto-s/bmw/f/x1+hybride-elektrisch-benzine/622+13838/#f:10882|offeredSince:Altijd|mileageTo:70001|engineHorsepowerFrom:200|constructionYearFrom:2023|constructionYearTo:2023|sortBy:PRICE|sortOrder:INCREASING,FR,"https://www.leboncoin.fr/recherche?category=2&regdate=2023-2023&mileage=min-70000&horse_power_din=219-max&u_car_brand=BMW&u_car_model=BMW_Yaris%20Cross,BMW_X1&fuel=6,8&owner_type=all&sort=price&order=asc",
MS_BMW_X1_2024_FR_NL,BMW,X1,2024,70000,NL,https://www.marktplaats.nl/l/auto-s/bmw/f/x1+hybride-elektrisch-benzine/622+13838/#f:10882|offeredSince:Altijd|mileageTo:70001|engineHorsepowerFrom:200|constructionYearFrom:2024|constructionYearTo:2024|sortBy:PRICE|sortOrder:INCREASING,FR,"https://www.leboncoin.fr/recherche?category=2&regdate=2024-2024&mileage=min-70000&horse_power_din=219-max&u_car_brand=BMW&u_car_model=BMW_Yaris%20Cross,BMW_X1&fuel=6,8&owner_type=all&sort=price&order=asc",
MS_BMW_X1_2025_FR_NL,BMW,X1,2025,70000,NL,https://www.marktplaats.nl/l/auto-s/bmw/f/x1+hybride-elektrisch-benzine/622+13838/#f:10882|offeredSince:Altijd|mileageTo:70001|engineHorsepowerFrom:200|constructionYearFrom:2025|constructionYearTo:2025|sortBy:PRICE|sortOrder:INCREASING,FR,"https://www.leboncoin.fr/recherche?category=2&regdate=2025-2025&mileage=min-70000&horse_power_din=219-max&u_car_brand=BMW&u_car_model=BMW_Yaris%20Cross,BMW_X1&fuel=6,8&owner_type=all&sort=price&order=asc",
MS_BMW_X2_2021_FR_NL,BMW,X2,2021,70000,NL,https://www.marktplaats.nl/l/auto-s/bmw/f/x2+hybride-elektrisch-benzine/11865+13838/#f:10882|offeredSince:Altijd|mileageTo:70001|constructionYearFrom:2021|constructionYearTo:2021|engineHorsepowerFrom:200|sortBy:PRICE|sortOrder:INCREASING,FR,"https://www.leboncoin.fr/recherche?category=2&regdate=2021-2021&mileage=min-70000&horse_power_din=219-max&u_car_brand=BMW&u_car_model=BMW_X2&fuel=6,8&owner_type=all&sort=price&order=asc",
MS_BMW_X2_2022_FR_NL,BMW,X2,2022,70000,NL,https://www.marktplaats.nl/l/auto-s/bmw/f/x2+hybride-elektrisch-benzine/11865+13838/#f:10882|offeredSince:Altijd|mileageTo:70001|engineHorsepowerFrom:200|constructionYearFrom:2022|constructionYearTo:2022|sortBy:PRICE|sortOrder:INCREASING,FR,"https://www.leboncoin.fr/recherche?category=2&regdate=2022-2022&mileage=min-70000&horse_power_din=219-max&u_car_brand=BMW&u_car_model=BMW_X2&fuel=6,8&owner_type=all&sort=price&order=asc",
MS_BMW_X2_2023_FR_NL,BMW,X2,2023,70000,NL,https://www.marktplaats.nl/l/auto-s/bmw/f/x2+hybride-elektrisch-benzine/11865+13838/#f:10882|offeredSince:Altijd|mileageTo:70001|engineHorsepowerFrom:200|constructionYearFrom:2023|constructionYearTo:2023|sortBy:PRICE|sortOrder:INCREASING,FR,"https://www.leboncoin.fr/recherche?category=2&regdate=2023-2023&mileage=min-70000&horse_power_din=219-max&u_car_brand=BMW&u_car_model=BMW_X2&fuel=6,8&owner_type=all&sort=price&order=asc",
MS_BMW_X2_2024_FR_NL,BMW,X2,2024,70000,NL,https://www.marktplaats.nl/l/auto-s/bmw/f/x2+hybride-elektrisch-benzine/11865+13838/#f:10882|offeredSince:Altijd|mileageTo:70001|engineHorsepowerFrom:200|constructionYearFrom:2024|constructionYearTo:2024|sortBy:PRICE|sortOrder:INCREASING,FR,"https://www.leboncoin.fr/recherche?category=2&regdate=2024-2024&mileage=min-70000&horse_power_din=219-max&u_car_brand=BMW&u_car_model=BMW_X2&fuel=6,8&owner_type=all&sort=price&order=asc",
MS_BMW_X2_2025_FR_NL,BMW,X2,2025,70000,NL,https://www.marktplaats.nl/l/auto-s/bmw/f/x2+hybride-elektrisch-benzine/11865+13838/#f:10882|offeredSince:Altijd|mileageTo:70001|engineHorsepowerFrom:200|constructionYearFrom:2025|constructionYearTo:2025|sortBy:PRICE|sortOrder:INCREASING,FR,"https://www.leboncoin.fr/recherche?category=2&regdate=2025-2025&mileage=min-70000&horse_power_din=219-max&u_car_brand=BMW&u_car_model=BMW_X2&fuel=6,8&owner_type=all&sort=price&order=asc",